Time,RPM,MAP,TP,lambda,MAT,CLT,Gego,Gwarm,Gbaro,Gammae,TPSacc,Gve,PW,PW_raw,IacDC,IacSteps,DutyCycle1,lambdaTarget,Spark,Dwell,EGT #1,Vbatt,IacInt,speed_rpm_ratio,altitude,speed,course,distance,distance_sum,inst_Vems,torque,torque_nominal,L100km,lambda_corr_ego,lambda_corr_ego,afr_diff,corrected_ve
0,2019,71.8,1.6,1.098,29,85,98,100,100,97,0,90,4.5,3.736,18,47,7.6,1.099,15,4.03,718,12.12,123,0,0,0,0,0,0,2.942,25.914,24.197,255,1.076,1.076,1.001,88.133
0.047,2025,57.8,1.6,1.098,29,85,98,100,100,97,0,90,3.768,3.012,18,47,6.4,1.099,15,4.03,718,12.24,123,0,0,0,0,0,0,2.379,26.21,24.494,255,1.076,1.076,1.001,88.133
0.094,2029,70,1.6,1.098,29,85,98,100,100,97,0,90,4.428,3.672,18,47,7.5,1.099,15,4.03,718,12.24,123,0,0,0,0,0,0,2.906,25.42,23.701,255,1.076,1.076,1.001,88.133
0.141,2027,70.5,1.6,1.094,29,85,98,100,100,97,0,90,4.444,3.688,18,46,7.5,1.099,15,4.03,718,12.24,123,0,0,0,0,0,0,2.915,26.013,24.296,255,1.072,1.072,1.005,87.791
0.187,2017,85.5,1.6,1.098,29,85,98,100,100,97,0,90,5.236,4.48,18,46,8.8,1.099,15,4.03,718,12.24,123,0,0,0,0,0,0,3.524,26.803,25.089,255,1.076,1.076,1.001,88.133
0.234,2006,71.8,1.6,1.098,29,85,98,100,100,97,0,90,4.492,3.736,18,46,7.5,1.099,15,4.03,718,12.24,123,0,0,0,0,0,0,2.923,25.222,23.503,255,1.076,1.076,1.001,88.133
0.281,2018,58.3,1.6,1.1,29,85,98,100,100,97,0,90,3.799,3.028,18,46,6.4,1.099,15,4.03,718,12,123,0,0,0,0,0,0,2.383,25.42,23.701,255,1.078,1.078,0.999,88.303
0.328,2010,71,1.6,1.1,29,85,98,100,100,97,0,90,4.476,3.72,18,47,7.5,1.099,15,4.03,718,12.24,123,0,0,0,0,0,0,2.916,23.938,22.214,255,1.078,1.078,0.999,88.303
0.375,2021,85,1.6,1.1,29,85,98,100,100,97,0,90,5.204,4.448,18,47,8.8,1.099,15,4.03,718,12.24,123,0,0,0,0,0,0,3.506,26.309,24.594,255,1.078,1.078,0.999,88.303
0.422,2002,71.8,1.6,1.1,29,85,98,100,100,97,0,90,4.492,3.736,18,46,7.5,1.099,15,4.03,718,12.24,123,0,0,0,0,0,0,2.917,26.803,25.089,255,1.078,1.078,0.999,88.303
0.469,1995,71.8,1.6,1.1,29,85,98,100,100,97,0,90,4.5,3.736,18,46,7.5,1.099,15,4.03,718,12.12,123,0,0,0,0,0,0,2.907,25.716,23.999,255,1.078,1.078,0.999,88.303
0.516,2023,57.8,1.6,1.1,29,85,98,100,100,97,0,90,3.768,3.012,18,47,6.4,1.099,15,4.03,719,12.24,123,0,0,0,0,0,0,2.376,25.025,23.304,255,1.078,1.078,0.999,88.303
0.562,2013,71.3,1.6,1.1,29,85,98,100,100,97,0,90,4.476,3.72,18,47,7.5,1.099,15,4.03,719,12.24,123,0,0,0,0,0,0,2.92,24.531,22.809,255,1.078,1.078,0.999,88.303
0.609,2007,85.5,1.6,1.098,29,85,98,100,100,97,0,90,5.236,4.48,18,47,8.8,1.099,15,4.03,719,12.24,123,0,0,0,0,0,0,3.507,26.704,24.99,255,1.076,1.076,1.001,88.133
0.656,2000,71.8,1.6,1.098,29,85,98,100,100,97,0,90,4.5,3.736,18,47,7.5,1.099,15,4.03,719,12.12,123,0,0,0,0,0,0,2.914,25.716,23.999,255,1.076,1.076,1.001,88.133
0.703,2015,58,1.6,1.1,29,85,98,100,100,97,0,90,3.784,3.028,18,46,6.4,1.099,15,4.03,719,12.24,123,0,0,0,0,0,0,2.38,25.914,24.197,255,1.078,1.078,0.999,88.303
0.75,2009,70.5,1.6,1.1,29,85,98,100,100,97,0,90,3.792,3.028,18,46,6.3,1.099,15,4.03,719,12.12,123,0,0,0,0,0,0,2.372,24.234,22.511,255,1.078,1.078,0.999,88.303
0.797,2015,70.8,1.6,1.098,29,85,98,100,100,97,0,90,4.444,3.688,18,46,7.5,1.099,15,4.03,719,12.24,123,0,0,0,0,0,0,2.898,25.321,23.602,255,1.076,1.076,1.001,88.133
0.844,2004,85.5,1.6,1.098,29,85,98,100,100,97,0,90,5.236,4.48,18,46,8.7,1.099,15,4.03,719,12.24,123,0,0,0,0,0,0,3.501,26.408,24.693,255,1.076,1.076,1.001,88.133
0.891,1988,72,1.6,1.1,29,85,98,100,100,97,0,90,4.524,3.768,18,46,7.5,1.099,15,4.03,719,12.24,123,0,0,0,0,0,0,2.921,25.815,24.098,255,1.078,1.078,0.999,88.303
0.937,2002,58,1.6,1.1,29,85,98,100,100,97,0,90,3.784,3.028,18,47,6.3,1.099,15,4.03,719,12.24,123,0,0,0,0,0,0,2.364,26.408,24.693,255,1.078,1.078,0.999,88.303
0.984,1998,70,1.6,1.1,29,85,98,100,100,97,0,90,4.436,3.672,18,47,7.4,1.099,15,4.03,719,12.12,123,0,0,0,0,0,0,2.861,24.333,22.61,255,1.078,1.078,0.999,88.303
1.031,2001,86,1.6,1.1,29,85,98,100,100,97,0,90,5.256,4.5,18,46,8.8,1.099,15,4.03,719,12.24,123,0,0,0,0,0,0,3.512,26.803,25.089,255,1.078,1.078,0.999,88.303
1.078,1991,72.3,1.6,1.1,29,85,98,100,100,97,0,90,4.539,3.768,18,46,7.5,1.099,15,4.03,719,12,123,0,0,0,0,0,0,2.926,26.803,25.089,255,1.078,1.078,0.999,88.303
1.125,1996,58.3,1.6,1.1,29,85,98,100,100,97,0,90,4.492,3.736,18,46,7.5,1.099,15,4.03,719,12.24,123,0,0,0,0,0,0,2.908,25.815,24.098,255,1.078,1.078,0.999,88.303
1.172,2021,57.8,1.6,1.1,29,85,98,100,100,97,0,90,3.776,3.012,18,46,6.4,1.099,15,4.03,719,12.12,123,0,0,0,0,0,0,2.374,24.728,23.007,255,1.078,1.078,0.999,88.303
1.219,2003,70.3,1.6,1.1,29,85,98,100,100,97,0,90,4.428,3.672,18,46,7.4,1.099,15,4.03,719,12.24,123,0,0,0,0,0,0,2.868,24.728,23.007,255,1.078,1.078,0.999,88.303
1.266,2026,85,1.6,1.1,29,85,98,100,100,97,0,90,5.204,4.448,18,46,8.8,1.099,15,4.03,720,12.24,123,0,0,0,0,0,0,3.515,26.902,25.189,255,1.078,1.078,0.999,88.303
1.312,1995,71.8,1.6,1.098,29,85,98,100,100,97,0,90,4.5,3.736,18,46,7.5,1.099,15,4.03,720,12.12,123,0,0,0,0,0,0,2.907,25.222,23.503,255,1.076,1.076,1.001,88.133
1.359,2009,58.3,1.6,1.098,29,85,98,100,100,97,0,90,3.784,3.028,18,46,6.3,1.099,15,4.03,720,12.24,123,0,0,0,0,0,0,2.372,26.112,24.395,255,1.076,1.076,1.001,88.133
1.406,2015,71,1.6,1.094,29,85,98,100,100,97,0,90,4.484,3.72,18,47,7.5,1.099,15,4.03,720,12.12,123,0,0,0,0,0,0,2.923,24.531,22.809,255,1.072,1.072,1.005,87.791
1.453,2013,70.5,1.6,1.1,29,85,98,100,100,97,0,90,4.444,3.688,18,47,7.5,1.099,15,4.03,720,12.24,123,0,0,0,0,0,0,2.895,26.704,24.99,255,1.078,1.078,0.999,88.303
1.5,2030,85.8,1.6,1.1,29,85,98,100,100,97,0,90,5.236,4.48,18,46,8.9,1.099,15,4.03,720,12.24,123,0,0,0,0,0,0,3.547,26.606,24.891,255,1.078,1.078,0.999,88.303
1.547,2007,71.5,1.6,1.098,29,85,98,100,100,97,0,90,4.492,3.736,18,46,7.5,1.099,15,4.03,720,12.24,123,0,0,0,0,0,0,2.924,25.618,23.899,255,1.076,1.076,1.001,88.133
1.594,2029,57.5,1.6,1.098,29,85,98,100,100,97,0,90,3.776,3.012,18,46,6.4,1.099,15,4.03,720,12.12,123,0,0,0,0,0,0,2.383,26.309,24.594,255,1.076,1.076,1.001,88.133
1.641,2028,70,1.6,1.098,29,85,98,100,100,97,0,90,4.428,3.672,18,46,7.5,1.099,15,4.03,720,12.24,123,0,0,0,0,0,0,2.904,24.432,22.709,255,1.076,1.076,1.001,88.133
1.687,2031,84.8,1.6,1.1,29,85,98,100,100,97,0,90,5.188,4.432,18,46,8.8,1.099,15,4.03,720,12.24,123,0,0,0,0,0,0,3.511,26.606,24.891,255,1.078,1.078,0.999,88.303
1.734,2035,84.8,1.6,1.1,29,85,98,100,100,97,0,90,5.188,4.432,18,46,8.8,1.099,15,4.03,720,12.24,123,0,0,0,0,0,0,3.517,26.704,24.99,255,1.078,1.078,0.999,88.303
1.797,2023,71.8,1.6,1.1,29,85,98,100,100,97,0,90,4.492,3.736,18,46,7.6,1.099,15,4.03,720,12.24,123,0,0,0,0,0,0,2.948,25.618,23.899,255,1.078,1.078,0.999,88.303
1.844,2016,70.8,1.6,1.094,29,85,98,100,100,97,0,90,4.459,3.688,18,47,7.5,1.099,15,4.03,720,12,123,0,0,0,0,0,0,2.9,26.408,24.693,255,1.072,1.072,1.005,87.791
1.891,2042,58.3,1.6,1.098,29,85,98,100,100,97,0,90,3.784,3.028,18,47,6.4,1.099,15,4.03,721,12.24,123,0,0,0,0,0,0,2.411,26.507,24.792,255,1.076,1.076,1.001,88.133
1.937,2034,70.5,1.6,1.098,29,85,98,100,100,97,0,90,4.452,3.688,18,47,7.5,1.099,15,4.03,720,12.12,123,0,0,0,0,0,0,2.926,25.321,23.602,255,1.076,1.076,1.001,88.133
1.984,2032,85,1.6,1.094,29,85,98,100,100,97,0,90,5.204,4.448,18,47,8.8,1.099,15,4.03,721,12.24,123,0,0,0,0,0,0,3.525,27.001,25.288,255,1.072,1.072,1.005,87.791
2.031,2045,85,1.6,1.094,29,85,98,100,100,97,0,90,5.204,4.448,18,46,8.9,1.099,15,4.03,721,12.24,123,0,0,0,0,0,0,3.548,26.408,24.693,255,1.072,1.072,1.005,87.791
2.078,2028,70.8,1.6,1.089,29,85,98,100,100,97,0,90,4.444,3.688,18,46,7.5,1.099,15,4.03,721,12.24,123,0,0,0,0,0,0,2.917,25.618,23.899,255,1.068,1.068,1.009,87.449
2.125,2043,58,1.6,1.098,29,85,98,100,100,97,0,90,3.792,3.028,18,46,6.5,1.099,15,4.03,721,12.12,123,0,0,0,0,0,0,2.413,25.914,24.197,255,1.076,1.076,1.001,88.133
2.172,2053,70.3,1.6,1.094,29,85,98,100,100,97,0,90,4.428,3.672,18,46,7.6,1.099,15,4.03,721,12.24,123,0,0,0,0,0,0,2.94,25.123,23.404,255,1.072,1.072,1.005,87.791
2.219,2057,84.3,1.6,1.087,29,85,98,100,100,97,0,90,5.152,4.396,18,47,8.8,1.099,15,4.03,721,12.24,123,0,0,0,0,0,0,3.527,26.112,24.395,255,1.065,1.065,1.011,87.279
2.266,2034,85,1.6,1.089,29,85,98,100,100,97,0,90,5.204,4.448,18,47,8.8,1.099,15,4.03,721,12.24,123,0,0,0,0,0,0,3.528,27.89,26.18,255,1.068,1.068,1.009,87.449
2.312,2027,70.8,1.6,1.089,29,85,98,100,100,97,0,90,4.444,3.688,18,46,7.5,1.099,15,4.03,721,12.24,123,0,0,0,0,0,0,2.915,25.914,24.197,255,1.068,1.068,1.009,87.449
2.359,2041,58,1.6,1.098,29,85,98,100,100,97,0,90,3.784,3.028,18,46,6.4,1.099,15,4.03,721,12.24,123,0,0,0,0,0,0,2.41,27.1,25.387,255,1.076,1.076,1.001,88.133
2.406,2043,71.5,1.6,1.1,29,85,98,100,100,97,0,90,4.492,3.736,18,46,7.6,1.099,15,4.03,721,12.24,123,0,0,0,0,0,0,2.977,24.531,22.809,255,1.078,1.078,0.999,88.303
2.453,2038,84.8,1.6,1.098,29,85,98,100,100,97,0,90,5.188,4.432,18,46,8.8,1.099,15,4.03,721,12.24,123,0,0,0,0,0,0,3.523,26.013,24.296,255,1.076,1.076,1.001,88.133
2.5,2031,85.3,1.6,1.094,29,85,98,100,100,97,0,90,5.204,4.448,18,46,8.8,1.099,15,4.03,721,12.24,123,0,0,0,0,0,0,3.523,26.408,24.693,255,1.072,1.072,1.005,87.791
2.547,2039,71.3,1.6,1.094,29,85,98,100,100,97,0,90,4.476,3.72,18,46,7.6,1.099,15,4.03,721,12.24,123,0,0,0,0,0,0,2.958,25.222,23.503,255,1.072,1.072,1.005,87.791
2.594,2041,58,1.6,1.094,29,85,98,100,100,97,0,90,3.784,3.028,18,46,6.4,1.099,15,4.03,721,12.24,123,0,0,0,0,0,0,2.41,26.507,24.792,255,1.072,1.072,1.005,87.791
2.641,2036,70.8,1.6,1.098,29,85,98,100,100,97,0,90,4.444,3.688,18,46,7.5,1.099,15,4.03,721,12.24,123,0,0,0,0,0,0,2.928,24.728,23.007,255,1.076,1.076,1.001,88.133
2.687,2045,84.8,1.6,1.089,29,85,98,100,100,97,0,90,5.188,4.432,18,46,8.8,1.099,15,4.03,722,12.24,123,0,0,0,0,0,0,3.535,27.791,26.081,255,1.068,1.068,1.009,87.449
2.734,2045,71.3,1.6,1.094,29,85,98,100,100,97,0,90,4.491,3.72,18,46,7.7,1.099,15,4.03,721,12,123,0,0,0,0,0,0,2.967,26.803,25.089,255,1.072,1.072,1.005,87.791
2.781,2030,71,1.6,1.089,29,85,98,100,100,97,0,90,4.476,3.72,18,46,7.6,1.099,15,4.03,722,12.24,123,0,0,0,0,0,0,2.945,25.716,23.999,255,1.068,1.068,1.009,87.449
2.828,2032,57.8,1.6,1.094,29,85,98,100,100,97,0,90,3.768,3.012,18,46,6.4,1.099,15,4.03,722,12.24,123,0,0,0,0,0,0,2.387,25.42,23.701,255,1.072,1.072,1.005,87.791
2.875,2043,69.8,1.6,1.089,29,85,98,100,100,97,0,90,4.396,3.64,18,46,7.5,1.099,15,4.03,722,12.24,123,0,0,0,0,0,0,2.9,24.728,23.007,255,1.068,1.068,1.009,87.449
2.922,2045,84.8,1.6,1.094,29,85,98,100,100,97,0,90,5.188,4.432,18,47,8.8,1.099,15,4.03,722,12.24,123,0,0,0,0,0,0,3.535,26.803,25.089,255,1.072,1.072,1.005,87.791
2.969,2028,71.5,1.6,1.098,29,85,98,100,100,97,0,90,4.492,3.736,18,47,7.6,1.099,15,4.03,722,12.24,123,0,0,0,0,0,0,2.955,26.309,24.594,255,1.076,1.076,1.001,88.133
3.016,2036,71,1.6,1.098,29,85,98,100,100,97,0,90,4.484,3.72,18,46,7.6,1.099,15,4.03,722,12.12,123,0,0,0,0,0,0,2.954,26.21,24.494,255,1.076,1.076,1.001,88.133
3.062,2036,58.3,1.6,1.089,29,85,98,100,100,97,0,90,3.784,3.028,18,46,6.4,1.099,15,4.03,722,12.24,123,0,0,0,0,0,0,2.404,25.815,24.098,255,1.068,1.068,1.009,87.449
3.109,2039,70.8,1.6,1.098,29,85,98,100,100,97,0,90,4.444,3.688,18,46,7.6,1.099,15,4.03,722,12.24,123,0,0,0,0,0,0,2.933,24.234,22.511,255,1.076,1.076,1.001,88.133
3.156,2032,84.8,1.6,1.098,29,85,98,100,100,97,0,90,5.188,4.432,18,46,8.8,1.099,15,4.03,722,12.24,123,0,0,0,0,0,0,3.512,27.594,25.883,255,1.076,1.076,1.001,88.133
3.203,2033,71.3,1.6,1.1,29,85,98,100,100,97,0,90,4.484,3.72,18,46,7.6,1.099,15,4.03,722,12.12,123,0,0,0,0,0,0,2.949,25.914,24.197,255,1.078,1.078,0.999,88.303
3.25,2028,57.5,1.6,1.1,29,85,98,100,100,97,0,90,4.444,3.688,18,46,7.5,1.099,15,4.03,722,12.24,123,0,0,0,0,0,0,2.917,25.222,23.503,255,1.078,1.078,0.999,88.303
3.297,2025,58.3,1.6,1.098,29,85,98,100,100,97,0,90,3.792,3.028,18,46,6.4,1.099,15,4.03,723,12.12,123,0,0,0,0,0,0,2.391,26.606,24.891,255,1.076,1.076,1.001,88.133
3.344,2054,70.5,1.6,1.094,29,85,98,100,100,97,0,90,4.444,3.688,18,46,7.6,1.099,15,4.03,722,12.24,123,0,0,0,0,0,0,2.954,25.618,23.899,255,1.072,1.072,1.005,87.791
3.391,2036,85,1.6,1.098,29,85,98,100,100,97,0,90,5.212,4.448,18,46,8.8,1.099,15,4.03,723,12.12,123,0,0,0,0,0,0,3.532,27.89,26.18,255,1.076,1.076,1.001,88.133
3.437,2028,70.8,1.6,1.1,29,85,98,100,100,97,0,90,4.444,3.688,18,46,7.5,1.099,15,4.03,723,12.24,123,0,0,0,0,0,0,2.917,26.606,24.891,255,1.078,1.078,0.999,88.303
3.484,2039,57.3,1.6,1.1,29,85,98,100,100,97,0,90,3.74,2.976,18,46,6.4,1.099,15,4.03,723,12.12,123,0,0,0,0,0,0,2.367,26.704,24.99,255,1.078,1.078,0.999,88.303
3.531,2043,58.3,1.6,1.1,29,85,98,100,100,97,0,90,3.784,3.028,18,46,6.4,1.099,15,4.03,723,12.24,123,0,0,0,0,0,0,2.413,25.025,23.304,255,1.078,1.078,0.999,88.303
3.578,2044,70.8,1.6,1.1,29,85,98,100,100,97,0,90,4.444,3.688,18,46,7.6,1.099,15,4.03,723,12.24,123,0,0,0,0,0,0,2.94,25.123,23.404,255,1.078,1.078,0.999,88.303
3.625,2040,84.8,1.6,1.1,29,85,98,100,100,97,0,90,5.188,4.432,18,46,8.8,1.099,15,4.03,723,12.24,123,0,0,0,0,0,0,3.526,27.594,25.883,255,1.078,1.078,0.999,88.303
3.672,2035,71.3,1.6,1.1,29,85,98,100,100,97,0,90,4.491,3.72,18,46,7.6,1.099,15,4.03,723,12,123,0,0,0,0,0,0,2.952,26.21,24.494,255,1.078,1.078,0.999,88.303
3.719,2027,57.5,1.6,1.098,29,85,98,100,100,97,0,90,3.768,3.012,18,46,6.4,1.099,15,4.03,723,12.24,123,0,0,0,0,0,0,2.381,25.815,24.098,255,1.076,1.076,1.001,88.133
3.766,2040,58,1.6,1.098,29,85,98,100,100,97,0,90,3.792,3.028,18,46,6.4,1.099,15,4.03,723,12.12,123,0,0,0,0,0,0,2.409,25.123,23.404,255,1.076,1.076,1.001,88.133
3.812,2031,70.8,1.6,1.094,29,85,98,100,100,97,0,90,4.444,3.688,18,46,7.5,1.099,15,4.03,723,12.24,123,0,0,0,0,0,0,2.921,24.926,23.205,255,1.072,1.072,1.005,87.791
3.859,2042,84.8,1.6,1.098,29,85,98,100,100,97,0,90,5.196,4.432,18,46,8.8,1.099,15,4.03,723,12.12,123,0,0,0,0,0,0,3.53,27.89,26.18,255,1.076,1.076,1.001,88.133
3.906,2022,71.3,1.6,1.1,29,85,98,100,100,97,0,90,4.476,3.72,18,47,7.5,1.099,15,4.03,723,12.24,123,0,0,0,0,0,0,2.934,25.914,24.197,255,1.078,1.078,0.999,88.303
3.953,2045,57.8,1.6,1.1,29,85,98,100,100,97,0,90,3.776,3.012,18,47,6.4,1.099,15,4.03,723,12.12,123,0,0,0,0,0,0,2.402,25.716,23.999,255,1.078,1.078,0.999,88.303
4,2035,70,1.6,1.098,29,85,98,100,100,97,0,90,4.428,3.672,18,46,7.5,1.099,15,4.03,723,12.24,123,0,0,0,0,0,0,2.914,24.333,22.61,255,1.076,1.076,1.001,88.133
4.047,2040,71,1.6,1.1,29,85,98,100,100,97,0,90,4.484,3.72,18,46,7.6,1.099,15,4.03,723,12.12,123,0,0,0,0,0,0,2.96,25.123,23.404,255,1.078,1.078,0.999,88.303
4.094,2048,84.5,1.6,1.1,29,85,98,100,100,97,0,90,5.188,4.432,18,46,8.9,1.099,15,4.03,723,12.24,123,0,0,0,0,0,0,3.54,27.693,25.982,255,1.078,1.078,0.999,88.303
4.141,2040,71.8,1.6,1.098,29,85,98,100,100,97,0,90,4.5,3.736,18,46,7.6,1.099,15,4.03,723,12.12,123,0,0,0,0,0,0,2.972,26.309,24.594,255,1.076,1.076,1.001,88.133
4.187,2035,57.3,1.6,1.1,29,85,98,100,100,97,0,90,3.732,2.976,18,46,6.3,1.099,15,4.03,723,12.24,123,0,0,0,0,0,0,2.362,26.704,24.99,255,1.078,1.078,0.999,88.303
4.234,2050,70.3,1.6,1.098,29,85,98,100,100,97,0,90,4.443,3.672,18,46,7.6,1.099,15,4.03,723,12,123,0,0,0,0,0,0,2.936,25.123,23.404,255,1.076,1.076,1.001,88.133
4.281,2039,71,1.6,1.098,29,85,98,100,100,97,0,90,4.476,3.72,18,46,7.6,1.099,15,4.03,724,12.24,123,0,0,0,0,0,0,2.958,24.926,23.205,255,1.076,1.076,1.001,88.133
4.328,2038,85.3,1.6,1.094,29,85,98,100,100,97,0,90,5.204,4.448,18,46,8.8,1.099,15,4.03,724,12.24,123,0,0,0,0,0,0,3.535,27.297,25.585,255,1.072,1.072,1.005,87.791
4.375,2031,71,1.6,1.098,29,85,98,100,100,97,0,90,4.476,3.72,18,46,7.6,1.099,15,4.03,724,12.24,123,0,0,0,0,0,0,2.947,26.013,24.296,255,1.076,1.076,1.001,88.133
4.422,2059,57.5,1.6,1.1,29,85,98,100,100,97,0,90,3.776,3.012,18,46,6.5,1.099,15,4.03,724,12.12,123,0,0,0,0,0,0,2.419,26.704,24.99,255,1.078,1.078,0.999,88.303
4.469,2066,69.5,1.6,1.098,29,85,98,100,100,97,0,90,4.396,3.64,18,46,7.6,1.099,15,4.03,724,12.24,123,0,0,0,0,0,0,2.933,25.42,23.701,255,1.076,1.076,1.001,88.133
4.516,2066,71,1.6,1.094,29,85,98,100,100,97,0,90,4.476,3.72,18,46,7.7,1.099,15,4.03,724,12.24,123,0,0,0,0,0,0,2.997,26.408,24.693,255,1.072,1.072,1.005,87.791
4.562,2049,84.8,1.6,1.089,29,85,98,100,100,97,0,90,5.188,4.432,18,46,8.9,1.099,15,4.03,724,12.24,123,0,0,0,0,0,0,3.542,27.396,25.684,255,1.068,1.068,1.009,87.449
4.609,2039,70.8,1.6,1.098,29,85,98,100,100,97,0,90,4.444,3.688,18,46,7.6,1.099,15,4.03,724,12.24,123,0,0,0,0,0,0,2.933,25.519,23.8,255,1.076,1.076,1.001,88.133
4.656,2053,57.8,1.6,1.098,29,85,98,100,100,97,0,90,3.768,3.012,18,46,6.4,1.099,15,4.03,724,12.24,123,0,0,0,0,0,0,2.412,27.001,25.288,255,1.076,1.076,1.001,88.133
4.703,2045,71.5,1.6,1.094,29,85,98,100,100,97,0,90,4.492,3.736,18,46,7.7,1.099,15,4.03,724,12.24,123,0,0,0,0,0,0,2.98,24.827,23.106,255,1.072,1.072,1.005,87.791
4.75,2061,70.3,1.6,1.089,29,85,98,100,100,97,0,90,4.436,3.672,18,46,7.6,1.099,15,4.03,724,12.12,123,0,0,0,0,0,0,2.952,25.519,23.8,255,1.068,1.068,1.009,87.449
4.797,2047,84.5,1.6,1.094,29,85,98,100,100,97,0,90,5.188,4.432,18,46,8.9,1.099,15,4.03,724,12.24,123,0,0,0,0,0,0,3.538,28.384,26.676,255,1.072,1.072,1.005,87.791
4.844,2044,71.5,1.6,1.098,29,85,98,100,100,97,0,90,4.492,3.736,18,46,7.7,1.099,15,4.03,724,12.24,123,0,0,0,0,0,0,2.978,25.321,23.602,255,1.076,1.076,1.001,88.133
4.891,2031,58,1.6,1.098,29,85,98,100,100,97,0,90,3.784,3.028,18,46,6.4,1.099,15,4.03,724,12.24,123,0,0,0,0,0,0,2.398,26.309,24.594,255,1.076,1.076,1.001,88.133
4.937,2036,71.8,1.6,1.098,29,85,98,100,100,97,0,90,4.5,3.736,18,46,7.6,1.099,15,4.03,724,12.12,123,0,0,0,0,0,0,2.967,24.926,23.205,255,1.076,1.076,1.001,88.133
4.984,2035,69.5,1.6,1.098,29,85,98,100,100,97,0,90,4.396,3.64,18,46,7.5,1.099,15,4.03,724,12.24,123,0,0,0,0,0,0,2.889,24.629,22.908,255,1.076,1.076,1.001,88.133
5.031,2036,84.8,1.6,1.087,29,85,98,100,100,97,0,90,5.188,4.432,18,46,8.8,1.099,15,4.03,724,12.24,123,0,0,0,0,0,0,3.519,27.199,25.486,255,1.065,1.065,1.011,87.279
5.078,2033,71,1.6,1.089,29,85,98,100,100,97,0,90,4.476,3.72,18,46,7.6,1.099,15,4.03,724,12.24,123,0,0,0,0,0,0,2.949,25.716,23.999,255,1.068,1.068,1.009,87.449
5.125,2036,58,1.6,1.098,29,85,98,100,100,97,0,90,3.784,3.028,18,46,6.4,1.099,15,4.03,725,12.24,123,0,0,0,0,0,0,2.404,26.112,24.395,255,1.076,1.076,1.001,88.133
5.172,2040,71.3,1.6,1.089,29,85,98,100,100,97,0,90,4.476,3.72,18,46,7.6,1.099,15,4.03,725,12.24,123,0,0,0,0,0,0,2.96,24.037,22.313,255,1.068,1.068,1.009,87.449
5.219,2046,84.8,1.6,1.098,29,85,98,100,100,97,0,90,5.203,4.432,18,47,8.9,1.099,15,4.03,725,12,123,0,0,0,0,0,0,3.536,26.902,25.189,255,1.076,1.076,1.001,88.133
5.266,2036,84.5,1.6,1.1,29,85,98,100,100,97,0,90,5.188,4.432,18,47,8.8,1.099,15,4.03,725,12.24,123,0,0,0,0,0,0,3.519,27.396,25.684,255,1.078,1.078,0.999,88.303
5.312,2041,71,1.6,1.1,29,85,98,100,100,97,0,90,4.476,3.72,18,46,7.6,1.099,15,4.03,725,12.24,123,0,0,0,0,0,0,2.961,26.013,24.296,255,1.078,1.078,0.999,88.303
5.359,2046,58.3,1.6,1.1,29,85,98,100,100,97,0,90,3.784,3.028,18,46,6.5,1.099,15,4.03,725,12.24,123,0,0,0,0,0,0,2.416,26.21,24.494,255,1.078,1.078,0.999,88.303
5.406,2062,70.3,1.6,1.1,29,85,98,100,100,97,0,90,4.436,3.672,18,46,7.6,1.099,15,4.03,725,12.12,123,0,0,0,0,0,0,2.953,25.42,23.701,255,1.078,1.078,0.999,88.303
5.453,2045,84.8,1.6,1.1,29,85,98,100,100,97,0,90,5.188,4.432,18,46,8.8,1.099,15,4.03,725,12.24,123,0,0,0,0,0,0,3.535,26.309,24.594,255,1.078,1.078,0.999,88.303
5.5,2028,84.5,1.6,1.1,29,85,98,100,100,97,0,90,5.188,4.432,18,47,8.8,1.099,15,4.03,725,12.24,123,0,0,0,0,0,0,3.505,28.582,26.874,255,1.078,1.078,0.999,88.303
5.547,2049,71.3,1.6,1.1,29,85,98,100,100,97,0,90,4.476,3.72,18,47,7.6,1.099,15,4.03,725,12.24,123,0,0,0,0,0,0,2.973,25.618,23.899,255,1.078,1.078,0.999,88.303
5.594,2050,58,1.6,1.098,29,85,98,100,100,97,0,90,3.799,3.028,18,47,6.5,1.099,15,4.03,725,12,123,0,0,0,0,0,0,2.421,26.112,24.395,255,1.076,1.076,1.001,88.133
5.641,2044,71.8,1.6,1.1,29,85,98,100,100,97,0,90,4.492,3.736,18,46,7.7,1.099,15,4.03,725,12.24,123,0,0,0,0,0,0,2.978,25.123,23.404,255,1.078,1.078,0.999,88.303
5.687,2041,84.8,1.6,1.094,29,85,98,100,100,97,0,90,5.196,4.432,18,46,8.8,1.099,15,4.03,725,12.12,123,0,0,0,0,0,0,3.528,27.199,25.486,255,1.072,1.072,1.005,87.791
5.734,2044,84.5,1.6,1.089,29,85,98,100,100,97,0,90,5.188,4.432,18,46,8.8,1.099,15,4.03,725,12.24,123,0,0,0,0,0,0,3.533,26.803,25.089,255,1.068,1.068,1.009,87.449
5.797,2027,70.8,1.6,1.098,29,85,98,100,100,97,0,90,4.452,3.688,18,46,7.5,1.099,15,4.03,725,12.12,123,0,0,0,0,0,0,2.915,25.025,23.304,255,1.076,1.076,1.001,88.133
5.844,2029,71,1.6,1.1,29,85,98,100,100,97,0,90,4.484,3.72,18,46,7.6,1.099,15,4.03,726,12.12,123,0,0,0,0,0,0,2.944,24.827,23.106,255,1.078,1.078,0.999,88.303
5.891,2029,57.8,1.6,1.098,29,85,98,100,100,97,0,90,3.768,3.012,18,46,6.4,1.099,15,4.03,726,12.24,123,0,0,0,0,0,0,2.383,26.112,24.395,255,1.076,1.076,1.001,88.133
5.937,2040,70.5,1.6,1.098,29,85,98,100,100,97,0,90,4.452,3.688,18,47,7.6,1.099,15,4.03,726,12.12,123,0,0,0,0,0,0,2.934,24.037,22.313,255,1.076,1.076,1.001,88.133
5.984,2038,71.8,1.6,1.1,29,85,98,100,100,97,0,90,4.492,3.736,18,47,7.6,1.099,15,4.03,726,12.24,123,0,0,0,0,0,0,2.969,25.025,23.304,255,1.078,1.078,0.999,88.303
6.031,2017,85.3,1.6,1.1,29,85,98,100,100,97,0,90,5.204,4.448,18,47,8.7,1.099,15,4.03,726,12.24,123,0,0,0,0,0,0,3.499,26.606,24.891,255,1.078,1.078,0.999,88.303
6.078,2010,71.3,1.6,1.1,29,85,98,100,100,97,0,90,4.476,3.72,18,47,7.5,1.099,15,4.03,726,12.24,123,0,0,0,0,0,0,2.916,25.222,23.503,255,1.078,1.078,0.999,88.303
6.125,2025,58,1.6,1.1,29,85,98,100,100,97,0,90,3.792,3.028,18,46,6.4,1.099,15,4.03,726,12.12,123,0,0,0,0,0,0,2.391,26.21,24.494,255,1.078,1.078,0.999,88.303
6.172,2015,70.3,1.6,1.1,29,85,98,100,100,97,0,90,4.428,3.672,18,46,7.4,1.099,15,4.03,726,12.24,123,0,0,0,0,0,0,2.886,24.333,22.61,255,1.078,1.078,0.999,88.303
6.219,2025,85,1.6,1.098,29,85,98,100,100,97,0,90,5.212,4.448,18,46,8.8,1.099,15,4.03,726,12.12,123,0,0,0,0,0,0,3.513,26.704,24.99,255,1.076,1.076,1.001,88.133
6.266,2032,71,1.6,1.098,29,85,98,100,100,97,0,90,5.204,4.448,18,46,8.8,1.099,15,4.03,726,12.24,123,0,0,0,0,0,0,3.525,26.507,24.792,255,1.076,1.076,1.001,88.133
6.312,2011,71.8,1.6,1.1,29,85,98,100,100,97,0,90,4.5,3.736,18,46,7.5,1.099,15,4.03,726,12.12,123,0,0,0,0,0,0,2.93,25.025,23.304,255,1.078,1.078,0.999,88.303
6.359,2040,57.8,1.6,1.1,29,85,98,100,100,97,0,90,3.768,3.012,18,46,6.4,1.099,15,4.03,726,12.24,123,0,0,0,0,0,0,2.396,24.827,23.106,255,1.078,1.078,0.999,88.303
6.406,2034,70.3,1.6,1.098,29,85,98,100,100,97,0,90,4.443,3.672,18,46,7.5,1.099,15,4.03,726,12,123,0,0,0,0,0,0,2.913,23.938,22.214,255,1.076,1.076,1.001,88.133
6.453,2028,85,1.6,1.098,29,85,98,100,100,97,0,90,5.204,4.448,18,46,8.8,1.099,15,4.03,726,12.24,123,0,0,0,0,0,0,3.518,26.606,24.891,255,1.076,1.076,1.001,88.133
6.5,2019,71,1.6,1.098,29,85,98,100,100,97,0,90,4.484,3.72,18,47,7.5,1.099,15,4.03,726,12.12,123,0,0,0,0,0,0,2.929,26.704,24.99,255,1.076,1.076,1.001,88.133
6.547,2035,71.5,1.6,1.094,29,85,98,100,100,97,0,90,4.492,3.736,18,47,7.6,1.099,15,4.03,726,12.24,123,0,0,0,0,0,0,2.965,25.716,23.999,255,1.072,1.072,1.005,87.791
6.594,2054,57.8,1.6,1.098,29,85,98,100,100,97,0,90,3.776,3.012,18,47,6.5,1.099,15,4.03,726,12.12,123,0,0,0,0,0,0,2.413,25.618,23.899,255,1.076,1.076,1.001,88.133
6.641,2035,70.8,1.6,1.098,29,85,98,100,100,97,0,90,4.444,3.688,18,46,7.5,1.099,15,4.03,726,12.24,123,0,0,0,0,0,0,2.927,24.234,22.511,255,1.076,1.076,1.001,88.133
6.703,2037,84.8,1.6,1.098,29,85,98,100,100,97,0,90,5.196,4.432,18,46,8.8,1.099,15,4.03,726,12.12,123,0,0,0,0,0,0,3.521,26.112,24.395,255,1.076,1.076,1.001,88.133
6.75,2031,84.5,1.6,1.1,29,85,98,100,100,97,0,90,5.196,4.432,18,46,8.8,1.099,15,4.03,727,12.12,123,0,0,0,0,0,0,3.511,27.1,25.387,255,1.078,1.078,0.999,88.303
6.797,2035,85.5,1.6,1.098,29,85,98,100,100,97,0,90,5.236,4.48,18,46,8.9,1.099,15,4.03,727,12.24,123,0,0,0,0,0,0,3.556,26.704,24.99,255,1.076,1.076,1.001,88.133
6.844,2024,71.3,1.6,1.098,29,85,98,100,100,97,0,90,4.476,3.72,18,46,7.5,1.099,15,4.03,727,12.24,123,0,0,0,0,0,0,2.936,25.618,23.899,255,1.076,1.076,1.001,88.133
6.891,2040,57.8,1.6,1.1,29,85,98,100,100,97,0,90,3.768,3.012,18,46,6.4,1.099,15,4.03,727,12.24,123,0,0,0,0,0,0,2.396,26.013,24.296,255,1.078,1.078,0.999,88.303
6.937,2054,70.3,1.6,1.1,29,85,98,100,100,97,0,90,4.436,3.672,18,46,7.6,1.099,15,4.03,727,12.12,123,0,0,0,0,0,0,2.941,24.135,22.412,255,1.078,1.078,0.999,88.303
6.984,2036,84.8,1.6,1.1,29,85,98,100,100,97,0,90,5.188,4.432,18,46,8.8,1.099,15,4.03,727,12.24,123,0,0,0,0,0,0,3.519,26.21,24.494,255,1.078,1.078,0.999,88.303
7.031,2036,71.8,1.6,1.098,29,85,98,100,100,97,0,90,5.196,4.432,18,46,8.8,1.099,15,4.03,727,12.12,123,0,0,0,0,0,0,3.519,26.112,24.395,255,1.076,1.076,1.001,88.133
7.078,2040,71.3,1.6,1.098,29,85,98,100,100,97,0,90,4.476,3.72,18,46,7.6,1.099,15,4.03,727,12.24,123,0,0,0,0,0,0,2.96,25.914,24.197,255,1.076,1.076,1.001,88.133
7.125,2038,57.3,1.6,1.098,29,85,98,100,100,97,0,90,3.732,2.976,18,46,6.3,1.099,15,4.03,727,12.24,123,0,0,0,0,0,0,2.365,25.618,23.899,255,1.076,1.076,1.001,88.133
7.172,2065,70,1.6,1.1,29,85,98,100,100,97,0,90,4.428,3.672,18,46,7.6,1.099,15,4.03,727,12.24,123,0,0,0,0,0,0,2.957,24.531,22.809,255,1.078,1.078,0.999,88.303
7.219,2051,84.5,1.6,1.1,29,85,98,100,100,97,0,90,5.188,4.432,18,46,8.9,1.099,15,4.03,727,12.24,123,0,0,0,0,0,0,3.545,27.89,26.18,255,1.078,1.078,0.999,88.303
7.266,2060,84.3,1.6,1.098,29,85,98,100,100,97,0,90,5.152,4.396,18,46,8.8,1.099,15,4.03,727,12.24,123,0,0,0,0,0,0,3.532,26.21,24.494,255,1.076,1.076,1.001,88.133
7.312,2040,70.8,1.6,1.094,29,85,98,100,100,97,0,90,4.444,3.688,18,46,7.6,1.099,15,4.03,727,12.24,123,0,0,0,0,0,0,2.934,25.42,23.701,255,1.072,1.072,1.005,87.791
7.359,2050,57.3,1.6,1.094,29,85,98,100,100,97,0,90,3.732,2.976,18,46,6.4,1.099,15,4.03,727,12.24,123,0,0,0,0,0,0,2.379,24.926,23.205,255,1.072,1.072,1.005,87.791
7.406,2067,70.8,1.6,1.098,29,85,98,100,100,97,0,90,4.444,3.688,18,46,7.7,1.099,15,4.03,727,12.24,123,0,0,0,0,0,0,2.973,24.629,22.908,255,1.076,1.076,1.001,88.133
7.453,2058,84.3,1.6,1.094,29,85,98,100,100,97,0,90,5.16,4.396,18,46,8.8,1.099,15,4.03,728,12.12,123,0,0,0,0,0,0,3.528,26.507,24.792,255,1.072,1.072,1.005,87.791
7.5,2040,84,1.6,1.094,29,85,98,100,100,97,0,90,5.152,4.396,18,47,8.8,1.099,15,4.03,727,12.24,123,0,0,0,0,0,0,3.497,27.1,25.387,255,1.072,1.072,1.005,87.791
7.547,2051,70.5,1.6,1.098,29,85,98,100,100,97,0,90,4.444,3.688,18,47,7.6,1.099,15,4.03,728,12.24,123,0,0,0,0,0,0,2.95,25.321,23.602,255,1.076,1.076,1.001,88.133
7.594,2039,57,1.6,1.098,29,85,98,100,100,97,0,90,3.732,2.976,18,47,6.3,1.099,15,4.03,728,12.24,123,0,0,0,0,0,0,2.367,26.112,24.395,255,1.076,1.076,1.001,88.133
7.641,2064,70,1.6,1.094,29,85,98,100,100,97,0,90,4.436,3.672,18,46,7.6,1.099,15,4.03,728,12.12,123,0,0,0,0,0,0,2.956,24.333,22.61,255,1.072,1.072,1.005,87.791
7.687,2057,84,1.6,1.087,29,85,98,100,100,97,0,90,5.152,4.396,18,46,8.8,1.099,15,4.03,728,12.24,123,0,0,0,0,0,0,3.527,25.025,23.304,255,1.065,1.065,1.011,87.279
7.734,2064,84.5,1.6,1.098,29,85,98,100,100,97,0,90,5.196,4.432,18,46,8.9,1.099,15,4.03,728,12.12,123,0,0,0,0,0,0,3.568,26.309,24.594,255,1.076,1.076,1.001,88.133
7.797,2048,70.5,1.6,1.098,29,85,98,100,100,97,0,90,4.444,3.688,18,46,7.6,1.099,15,4.03,728,12.24,123,0,0,0,0,0,0,2.946,24.629,22.908,255,1.076,1.076,1.001,88.133
7.844,2050,70.8,1.6,1.098,29,85,98,100,100,97,0,90,4.444,3.688,18,46,7.6,1.099,15,4.03,728,12.24,123,0,0,0,0,0,0,2.949,25.519,23.8,255,1.076,1.076,1.001,88.133
7.891,2058,58,1.6,1.089,29,85,98,100,100,97,0,90,3.784,3.028,18,46,6.5,1.099,15,4.03,728,12.24,123,0,0,0,0,0,0,2.43,25.815,24.098,255,1.068,1.068,1.009,87.449
7.937,2060,57.3,1.6,1.098,29,85,98,100,100,97,0,90,3.732,2.976,18,46,6.4,1.099,15,4.03,728,12.24,123,0,0,0,0,0,0,2.391,24.728,23.007,255,1.076,1.076,1.001,88.133
7.984,2080,71.8,1.6,1.098,29,85,98,100,100,97,0,90,4.492,3.736,18,46,7.8,1.099,15,4.03,728,12.24,123,0,0,0,0,0,0,3.031,24.234,22.511,255,1.076,1.076,1.001,88.133
8.031,2067,83.8,1.6,1.094,29,85,98,100,100,97,0,90,5.124,4.368,18,46,8.8,1.099,15,4.03,728,12.24,123,0,0,0,0,0,0,3.521,27.001,25.288,255,1.072,1.072,1.005,87.791
8.078,2066,70,1.6,1.098,29,85,98,100,100,97,0,90,4.428,3.672,18,46,7.6,1.099,15,4.03,728,12.24,123,0,0,0,0,0,0,2.959,24.827,23.106,255,1.076,1.076,1.001,88.133
8.125,2075,57,1.6,1.098,29,85,98,100,100,97,0,90,3.74,2.976,18,46,6.5,1.099,15,4.03,728,12.12,123,0,0,0,0,0,0,2.408,25.321,23.602,255,1.076,1.076,1.001,88.133
8.172,2062,57.3,1.6,1.094,29,85,98,100,100,97,0,90,3.732,2.976,18,46,6.4,1.099,15,4.03,728,12.24,123,0,0,0,0,0,0,2.393,25.618,23.899,255,1.072,1.072,1.005,87.791
8.219,2071,69.5,1.6,1.098,29,85,98,100,100,97,0,90,4.396,3.64,18,46,7.6,1.099,15,4.03,728,12.24,123,0,0,0,0,0,0,2.94,26.013,24.296,255,1.076,1.076,1.001,88.133
8.266,2071,84,1.6,1.094,29,85,98,100,100,97,0,90,5.152,4.396,18,46,8.9,1.099,15,4.03,728,12.24,123,0,0,0,0,0,0,3.551,28.187,26.478,255,1.072,1.072,1.005,87.791
8.312,2077,69.8,1.6,1.089,29,85,98,100,100,97,0,90,4.404,3.64,18,46,7.6,1.099,15,4.03,728,12.12,123,0,0,0,0,0,0,2.949,26.408,24.693,255,1.068,1.068,1.009,87.449
8.359,2063,69.8,1.6,1.094,29,85,98,100,100,97,0,90,4.396,3.64,18,46,7.6,1.099,15,4.03,728,12.24,123,0,0,0,0,0,0,2.929,24.827,23.106,255,1.072,1.072,1.005,87.791
8.406,2083,57.3,1.6,1.094,29,85,98,100,100,97,0,90,3.732,2.976,18,46,6.5,1.099,15,4.03,728,12.24,123,0,0,0,0,0,0,2.418,25.42,23.701,255,1.072,1.072,1.005,87.791
8.453,2079,70.5,1.6,1.087,29,85,98,100,100,97,0,90,4.452,3.688,18,46,7.7,1.099,15,4.03,728,12.12,123,0,0,0,0,0,0,2.99,24.629,22.908,255,1.065,1.065,1.011,87.279
8.5,2059,84.3,1.6,1.089,29,85,98,100,100,97,0,90,5.152,4.396,18,46,8.8,1.099,15,4.03,728,12.24,123,0,0,0,0,0,0,3.53,26.309,24.594,255,1.068,1.068,1.009,87.449
8.547,2064,83.8,1.6,1.098,29,85,98,100,100,97,0,90,5.132,4.368,18,46,8.8,1.099,15,4.03,728,12.12,123,0,0,0,0,0,0,3.516,26.112,24.395,255,1.076,1.076,1.001,88.133
8.594,2059,70.3,1.6,1.098,29,85,98,100,100,97,0,90,4.428,3.672,18,46,7.6,1.099,15,4.03,728,12.24,123,0,0,0,0,0,0,2.949,24.827,23.106,255,1.076,1.076,1.001,88.133
8.641,2073,56.8,1.6,1.094,29,85,98,100,100,97,0,90,3.724,2.96,18,46,6.4,1.099,15,4.03,729,12.12,123,0,0,0,0,0,0,2.393,26.309,24.594,255,1.072,1.072,1.005,87.791
8.687,2083,70,1.6,1.089,29,85,98,100,100,97,0,90,4.428,3.672,18,46,7.7,1.099,15,4.03,728,12.24,123,0,0,0,0,0,0,2.983,25.618,23.899,255,1.068,1.068,1.009,87.449
8.734,2086,70.8,1.6,1.089,29,85,98,100,100,97,0,90,4.444,3.688,18,46,7.7,1.099,15,4.03,728,12.24,123,0,0,0,0,0,0,3,27.791,26.081,255,1.068,1.068,1.009,87.449
8.781,2078,83.5,1.6,1.089,29,85,98,100,100,97,0,90,5.124,4.368,18,46,8.9,1.099,15,4.03,729,12.24,123,0,0,0,0,0,0,3.54,27.989,26.279,255,1.068,1.068,1.009,87.449
8.844,2073,70.3,1.6,1.094,29,85,98,100,100,97,0,90,4.428,3.672,18,46,7.6,1.099,15,4.03,728,12.24,123,0,0,0,0,0,0,2.969,26.013,24.296,255,1.072,1.072,1.005,87.791
8.906,2071,83.5,1.6,1.094,29,85,98,100,100,97,0,90,5.124,4.368,18,46,8.8,1.099,15,4.03,729,12.24,123,0,0,0,0,0,0,3.528,27.791,26.081,255,1.072,1.072,1.005,87.791
8.953,2082,83.5,1.6,1.089,29,85,98,100,100,97,0,90,5.124,4.368,18,46,8.9,1.099,15,4.03,729,12.24,123,0,0,0,0,0,0,3.547,27.495,25.784,255,1.068,1.068,1.009,87.449
9,2062,70.5,1.6,1.087,29,85,98,100,100,97,0,90,4.444,3.688,18,46,7.6,1.099,15,4.03,729,12.24,123,0,0,0,0,0,0,2.966,25.025,23.304,255,1.065,1.065,1.011,87.279
9.047,2065,57.3,1.6,1.089,29,85,98,100,100,97,0,90,3.732,2.976,18,46,6.4,1.099,15,4.03,729,12.24,123,0,0,0,0,0,0,2.397,26.704,24.99,255,1.068,1.068,1.009,87.449
9.094,2087,69.8,1.6,1.098,29,85,98,100,100,97,0,90,4.396,3.64,18,46,7.6,1.099,15,4.03,729,12.24,123,0,0,0,0,0,0,2.963,24.629,22.908,255,1.076,1.076,1.001,88.133
9.141,2090,71,1.6,1.098,29,85,98,100,100,97,0,90,4.484,3.72,18,46,7.8,1.099,15,4.03,729,12.12,123,0,0,0,0,0,0,3.032,26.21,24.494,255,1.076,1.076,1.001,88.133
9.187,2083,83.5,1.6,1.089,29,85,98,100,100,97,0,90,5.124,4.368,18,46,8.9,1.099,15,4.03,729,12.24,123,0,0,0,0,0,0,3.548,28.187,26.478,255,1.068,1.068,1.009,87.449
9.234,2094,70,1.6,1.087,29,85,98,100,100,97,0,90,4.436,3.672,18,46,7.7,1.099,15,4.03,729,12.12,123,0,0,0,0,0,0,2.999,25.025,23.304,255,1.065,1.065,1.011,87.279
9.281,2069,57,1.6,1.089,29,85,98,100,100,97,0,90,3.732,2.976,18,46,6.4,1.099,15,4.03,729,12.24,123,0,0,0,0,0,0,2.401,25.914,24.197,255,1.068,1.068,1.009,87.449
9.328,2062,57.5,1.6,1.098,29,85,98,100,100,97,0,90,3.768,3.012,18,46,6.5,1.099,15,4.03,729,12.24,123,0,0,0,0,0,0,2.422,25.321,23.602,255,1.076,1.076,1.001,88.133
9.375,2079,71,1.6,1.098,29,85,98,100,100,97,0,90,4.476,3.72,18,46,7.8,1.099,15,4.03,729,12.24,123,0,0,0,0,0,0,3.016,25.321,23.602,255,1.076,1.076,1.001,88.133
9.422,2066,84,1.6,1.098,29,85,98,100,100,97,0,90,5.16,4.396,18,46,8.9,1.099,15,4.03,729,12.12,123,0,0,0,0,0,0,3.542,28.483,26.775,255,1.076,1.076,1.001,88.133
9.469,2062,70,1.6,1.094,29,85,98,100,100,97,0,90,4.428,3.672,18,46,7.6,1.099,15,4.03,729,12.24,123,0,0,0,0,0,0,2.953,26.013,24.296,255,1.072,1.072,1.005,87.791
9.547,2064,70.3,1.6,1.089,29,85,98,100,100,97,0,90,4.428,3.672,18,46,7.6,1.099,15,4.03,729,12.24,123,0,0,0,0,0,0,2.956,24.926,23.205,255,1.068,1.068,1.009,87.449
9.594,2076,70.8,1.6,1.087,29,85,98,100,100,97,0,90,4.444,3.688,18,46,7.7,1.099,15,4.03,729,12.24,123,0,0,0,0,0,0,2.986,24.926,23.205,255,1.065,1.065,1.011,87.279
9.641,2078,57,1.6,1.094,29,85,98,100,100,97,0,90,3.74,2.976,18,46,6.5,1.099,15,4.03,729,12.12,123,0,0,0,0,0,0,2.412,26.803,25.089,255,1.072,1.072,1.005,87.791
9.687,2078,71.3,1.6,1.094,29,85,98,100,100,97,0,90,4.476,3.72,18,46,7.8,1.099,15,4.03,729,12.24,123,0,0,0,0,0,0,3.015,24.926,23.205,255,1.072,1.072,1.005,87.791
9.734,2071,69.5,1.6,1.089,29,85,98,100,100,97,0,90,4.396,3.64,18,46,7.6,1.099,15,4.03,729,12.24,123,0,0,0,0,0,0,2.94,27.89,26.18,255,1.068,1.068,1.009,87.449
9.797,2054,84,1.6,1.089,29,85,98,100,100,97,0,90,5.152,4.396,18,46,8.8,1.099,15,4.03,729,12.24,123,0,0,0,0,0,0,3.521,26.902,25.189,255,1.068,1.068,1.009,87.449
9.844,2071,84.3,1.6,1.083,29,85,98,100,100,97,0,90,5.152,4.396,18,46,8.9,1.099,15,4.03,729,12.24,123,0,0,0,0,0,0,3.551,28.187,26.478,255,1.061,1.061,1.015,86.937
9.891,2055,71,1.6,1.087,29,85,98,100,100,97,0,90,4.476,3.72,18,46,7.7,1.099,15,4.03,729,12.24,123,0,0,0,0,0,0,2.981,27.396,25.684,255,1.065,1.065,1.011,87.279
9.937,2054,70.5,1.6,1.098,29,85,98,100,100,97,0,90,4.452,3.688,18,46,7.6,1.099,15,4.03,729,12.12,123,0,0,0,0,0,0,2.954,26.803,25.089,255,1.076,1.076,1.001,88.133
9.984,2057,57.3,1.6,1.098,29,85,98,100,100,97,0,90,3.732,2.976,18,46,6.4,1.099,15,4.03,730,12.24,123,0,0,0,0,0,0,2.387,25.716,23.999,255,1.076,1.076,1.001,88.133
10.031,2060,70.5,1.6,1.094,29,85,98,100,100,97,0,90,4.444,3.688,18,46,7.6,1.099,15,4.03,730,12.24,123,0,0,0,0,0,0,2.963,23.938,22.214,255,1.072,1.072,1.005,87.791
10.078,2062,84.8,1.6,1.098,29,85,98,100,100,97,0,90,5.188,4.432,18,46,8.9,1.099,15,4.03,730,12.24,123,0,0,0,0,0,0,3.564,28.582,26.874,255,1.076,1.076,1.001,88.133
10.125,2063,69.8,1.6,1.098,29,85,98,100,100,97,0,90,4.404,3.64,18,46,7.6,1.099,15,4.03,730,12.12,123,0,0,0,0,0,0,2.929,26.309,24.594,255,1.076,1.076,1.001,88.133
10.172,2066,70.8,1.6,1.098,29,85,98,100,100,97,0,90,4.444,3.688,18,46,7.7,1.099,15,4.03,730,12.24,123,0,0,0,0,0,0,2.972,25.519,23.8,255,1.076,1.076,1.001,88.133
10.219,2063,57.3,1.6,1.094,29,85,98,100,100,97,0,90,3.74,2.976,18,46,6.4,1.099,15,4.03,730,12.12,123,0,0,0,0,0,0,2.394,26.507,24.792,255,1.072,1.072,1.005,87.791
10.266,2086,69.3,1.6,1.094,29,85,98,100,100,97,0,90,4.36,3.604,18,46,7.6,1.099,15,4.03,730,12.24,123,0,0,0,0,0,0,2.932,24.531,22.809,255,1.072,1.072,1.005,87.791
10.312,2064,84.3,1.6,1.094,29,85,98,100,100,97,0,90,5.152,4.396,18,46,8.9,1.099,15,4.03,730,12.24,123,0,0,0,0,0,0,3.539,27.396,25.684,255,1.072,1.072,1.005,87.791
10.359,2059,84,1.6,1.098,29,85,98,100,100,97,0,90,5.152,4.396,18,46,8.8,1.099,15,4.03,730,12.24,123,0,0,0,0,0,0,3.53,27.001,25.288,255,1.076,1.076,1.001,88.133
10.406,2051,70.5,1.6,1.098,29,85,98,100,100,97,0,90,4.444,3.688,18,46,7.6,1.099,15,4.03,730,12.24,123,0,0,0,0,0,0,2.95,24.827,23.106,255,1.076,1.076,1.001,88.133
10.453,2056,57.5,1.6,1.098,29,85,98,100,100,97,0,90,3.768,3.012,18,46,6.5,1.099,15,4.03,730,12.24,123,0,0,0,0,0,0,2.415,25.815,24.098,255,1.076,1.076,1.001,88.133
10.5,2074,69.8,1.6,1.1,29,85,98,100,100,97,0,90,4.396,3.64,18,46,7.6,1.099,15,4.03,730,12.24,123,0,0,0,0,0,0,2.944,24.135,22.412,255,1.078,1.078,0.999,88.303
10.547,2039,84.5,1.6,1.1,29,85,98,100,100,97,0,90,5.196,4.432,18,46,8.8,1.099,15,4.03,730,12.12,123,0,0,0,0,0,0,3.524,25.815,24.098,255,1.078,1.078,0.999,88.303
10.594,2059,84.3,1.6,1.098,29,85,98,100,100,97,0,90,5.152,4.396,18,46,8.8,1.099,15,4.03,730,12.24,123,0,0,0,0,0,0,3.53,26.507,24.792,255,1.076,1.076,1.001,88.133
10.641,2040,70.5,1.6,1.098,29,85,98,100,100,97,0,90,4.452,3.688,18,46,7.6,1.099,15,4.03,730,12.12,123,0,0,0,0,0,0,2.934,25.025,23.304,255,1.076,1.076,1.001,88.133
10.687,2059,57.5,1.6,1.098,29,85,98,100,100,97,0,90,3.768,3.012,18,46,6.5,1.099,15,4.03,731,12.24,123,0,0,0,0,0,0,2.419,25.914,24.197,255,1.076,1.076,1.001,88.133
10.734,2051,70.8,1.6,1.098,29,85,98,100,100,97,0,90,4.452,3.688,18,46,7.6,1.099,15,4.03,730,12.12,123,0,0,0,0,0,0,2.95,24.728,23.007,255,1.076,1.076,1.001,88.133
10.781,2085,70.3,1.6,1.098,29,85,98,100,100,97,0,90,4.428,3.672,18,46,7.7,1.099,15,4.03,730,12.24,123,0,0,0,0,0,0,2.986,26.704,24.99,255,1.076,1.076,1.001,88.133
10.828,2036,84.3,1.6,1.087,29,85,98,100,100,97,0,90,5.152,4.396,18,46,8.7,1.099,15,4.03,730,12.24,123,0,0,0,0,0,0,3.491,27.1,25.387,255,1.065,1.065,1.011,87.279
10.875,2059,71,1.6,1.083,29,85,98,100,100,97,0,90,4.464,3.708,18,46,7.7,1.099,15,4.03,731,12.24,123,0,0,0,0,0,0,2.978,25.321,23.602,255,1.061,1.061,1.015,86.937
10.922,2063,57,1.6,1.098,29,85,98,100,100,97,0,90,3.728,2.964,18,46,6.4,1.099,15,4.03,730,12.12,123,0,0,0,0,0,0,2.385,26.21,24.494,255,1.076,1.076,1.001,88.133
10.969,2053,70.3,1.6,1.1,29,85,98,100,100,97,0,90,4.42,3.656,18,46,7.6,1.099,15,4.03,731,12.12,123,0,0,0,0,0,0,2.927,24.629,22.908,255,1.078,1.078,0.999,88.303
11.016,2062,71.3,1.6,1.1,29,85,98,100,100,97,0,90,4.464,3.708,18,46,7.7,1.099,15,4.03,730,12.24,123,0,0,0,0,0,0,2.982,25.519,23.8,255,1.078,1.078,0.999,88.303
11.062,2055,84.3,1.6,1.098,29,85,98,100,100,97,0,90,5.136,4.38,18,46,8.8,1.099,15,4.03,731,12.24,123,0,0,0,0,0,0,3.51,27.396,25.684,255,1.076,1.076,1.001,88.133
11.109,2031,70.8,1.6,1.094,29,85,98,100,100,97,0,90,4.428,3.672,18,46,7.5,1.099,15,4.03,731,12.24,123,0,0,0,0,0,0,2.909,24.728,23.007,255,1.072,1.072,1.005,87.791
11.156,2053,57,1.6,1.098,29,85,98,100,100,97,0,90,3.728,2.964,18,46,6.4,1.099,15,4.03,731,12.12,123,0,0,0,0,0,0,2.373,26.013,24.296,255,1.076,1.076,1.001,88.133
11.203,2074,69,1.6,1.098,29,85,98,100,100,97,0,90,4.344,3.588,18,46,7.5,1.099,15,4.03,731,12.24,123,0,0,0,0,0,0,2.902,24.531,22.809,255,1.076,1.076,1.001,88.133
11.25,2076,70,1.6,1.087,29,85,98,100,100,97,0,90,4.42,3.656,18,47,7.6,1.099,15,4.03,731,12.12,123,0,0,0,0,0,0,2.96,26.704,24.99,255,1.065,1.065,1.011,87.279
11.297,2061,84.3,1.6,1.094,29,85,98,100,100,97,0,90,5.136,4.38,18,47,8.8,1.099,15,4.03,731,12.24,123,0,0,0,0,0,0,3.521,27.594,25.883,255,1.072,1.072,1.005,87.791
11.344,2041,70.3,1.6,1.098,29,85,98,100,100,97,0,90,4.42,3.656,18,46,7.5,1.099,15,4.03,731,12.12,123,0,0,0,0,0,0,2.91,24.926,23.205,255,1.076,1.076,1.001,88.133
11.391,2059,57.5,1.6,1.098,29,85,98,100,100,97,0,90,3.756,3,18,46,6.4,1.099,15,4.03,731,12.24,123,0,0,0,0,0,0,2.409,25.519,23.8,255,1.076,1.076,1.001,88.133
11.437,2049,70,1.6,1.1,29,85,98,100,100,97,0,90,3.756,3,18,46,6.4,1.099,15,4.03,731,12.24,123,0,0,0,0,0,0,2.397,24.135,22.412,255,1.078,1.078,0.999,88.303
11.484,2051,70.5,1.6,1.1,29,85,98,100,100,97,0,90,4.428,3.672,18,46,7.6,1.099,15,4.03,731,12.24,123,0,0,0,0,0,0,2.937,25.914,24.197,255,1.078,1.078,0.999,88.303
11.531,2042,84.3,1.6,1.1,29,85,98,100,100,97,0,90,5.136,4.38,18,46,8.7,1.099,15,4.03,731,12.24,123,0,0,0,0,0,0,3.488,27.989,26.279,255,1.078,1.078,0.999,88.303
11.578,2042,71.3,1.6,1.1,29,85,98,100,100,97,0,90,4.448,3.692,18,46,7.6,1.099,15,4.03,731,12.24,123,0,0,0,0,0,0,2.94,26.309,24.594,255,1.078,1.078,0.999,88.303
11.625,2051,57.8,1.6,1.1,30,85,98,100,100,97,0,90,3.736,2.98,18,46,6.4,1.099,15,4.03,731,12.24,123,0,0,0,0,0,0,2.384,25.519,23.8,255,1.078,1.078,0.999,88.303
11.672,2055,57.3,1.6,1.1,30,85,98,100,100,97,0,90,3.704,2.948,18,46,6.3,1.099,15,4.03,731,12.24,123,0,0,0,0,0,0,2.363,25.025,23.304,255,1.078,1.078,0.999,88.303
11.719,2069,71,1.6,1.1,29,85,98,100,100,97,0,90,4.464,3.708,18,46,7.7,1.099,15,4.03,731,12.24,123,0,0,0,0,0,0,2.992,24.531,22.809,255,1.078,1.078,0.999,88.303
11.766,2049,84.3,1.6,1.1,29,85,98,100,100,97,0,90,5.136,4.38,18,46,8.8,1.099,15,4.03,731,12.24,123,0,0,0,0,0,0,3.5,27.297,25.585,255,1.078,1.078,0.999,88.303
11.812,2048,70.8,1.6,1.1,30,85,98,100,100,97,0,90,4.412,3.656,18,46,7.5,1.099,15,4.03,731,12.24,123,0,0,0,0,0,0,2.92,24.728,23.007,255,1.078,1.078,0.999,88.303
11.859,2059,57.8,1.6,1.1,30,85,98,100,100,97,0,90,3.736,2.98,18,47,6.4,1.099,15,4.03,731,12.24,123,0,0,0,0,0,0,2.393,25.222,23.503,255,1.078,1.078,0.999,88.303
11.906,2048,57.5,1.6,1.098,30,85,98,100,100,97,0,90,3.736,2.98,18,47,6.4,1.099,15,4.03,731,12.24,123,0,0,0,0,0,0,2.38,25.519,23.8,255,1.076,1.076,1.001,88.133
11.953,2069,71.3,1.6,1.098,29,85,98,100,100,97,0,90,4.472,3.708,18,46,7.7,1.099,15,4.03,731,12.12,123,0,0,0,0,0,0,2.992,25.519,23.8,255,1.076,1.076,1.001,88.133
12,2030,84.8,1.6,1.098,29,85,98,100,100,97,0,90,5.136,4.38,18,46,8.7,1.099,15,4.03,731,12.24,123,0,0,0,0,0,0,3.468,27.791,26.081,255,1.076,1.076,1.001,88.133
12.047,2043,71.3,1.6,1.1,30,85,98,100,100,97,0,90,4.463,3.692,18,46,7.6,1.099,15,4.03,731,12,123,0,0,0,0,0,0,2.942,25.914,24.197,255,1.078,1.078,0.999,88.303
12.094,2055,57.5,1.6,1.1,30,85,98,100,100,97,0,90,3.756,3,18,46,6.4,1.099,15,4.03,731,12.24,123,0,0,0,0,0,0,2.404,24.629,22.908,255,1.078,1.078,0.999,88.303
12.141,2058,57,1.6,1.1,30,85,98,100,100,97,0,90,3.712,2.948,18,46,6.4,1.099,15,4.03,731,12.12,123,0,0,0,0,0,0,2.366,25.025,23.304,255,1.078,1.078,0.999,88.303
12.187,2042,69.8,1.6,1.098,30,85,98,100,100,97,0,90,4.364,3.608,18,46,7.4,1.099,15,4.03,731,12.24,123,0,0,0,0,0,0,2.873,24.629,22.908,255,1.076,1.076,1.001,88.133
12.234,2054,84.5,1.6,1.098,30,85,98,100,100,97,0,90,5.144,4.38,18,47,8.8,1.099,15,4.03,731,12.12,123,0,0,0,0,0,0,3.509,27.495,25.784,255,1.076,1.076,1.001,88.133
12.281,2034,70.8,1.6,1.1,30,85,98,100,100,97,0,90,4.412,3.656,18,47,7.5,1.099,15,4.03,731,12.24,123,0,0,0,0,0,0,2.9,24.629,22.908,255,1.078,1.078,0.999,88.303
12.328,2048,57.3,1.6,1.1,30,85,98,100,100,97,0,90,3.712,2.948,18,46,6.3,1.099,15,4.03,731,12.12,123,0,0,0,0,0,0,2.355,25.716,23.999,255,1.078,1.078,0.999,88.303
12.375,2055,57.8,1.6,1.098,30,85,98,100,100,97,0,90,3.736,2.98,18,46,6.4,1.099,15,4.03,731,12.24,123,0,0,0,0,0,0,2.388,25.42,23.701,255,1.076,1.076,1.001,88.133
12.422,2060,70.3,1.6,1.098,30,85,98,100,100,97,0,90,4.38,3.624,18,46,7.5,1.099,15,4.03,732,12.24,123,0,0,0,0,0,0,2.912,23.839,22.114,255,1.076,1.076,1.001,88.133
12.469,2048,84.3,1.6,1.1,30,85,98,100,100,97,0,90,5.12,4.364,18,46,8.7,1.099,15,4.03,732,12.24,123,0,0,0,0,0,0,3.486,27.199,25.486,255,1.078,1.078,0.999,88.303
12.516,2068,71.3,1.6,1.1,30,85,98,100,100,97,0,90,4.448,3.692,18,46,7.7,1.099,15,4.03,732,12.24,123,0,0,0,0,0,0,2.978,25.321,23.602,255,1.078,1.078,0.999,88.303
12.562,2055,57,1.6,1.1,30,85,98,100,100,97,0,90,3.712,2.948,18,46,6.4,1.099,15,4.03,732,12.12,123,0,0,0,0,0,0,2.363,24.827,23.106,255,1.078,1.078,0.999,88.303
12.609,2048,58,1.6,1.1,30,85,98,100,100,97,0,90,3.772,3.016,18,46,6.4,1.099,15,4.03,732,12.24,123,0,0,0,0,0,0,2.409,24.531,22.809,255,1.078,1.078,0.999,88.303
12.656,2064,69.8,1.6,1.1,30,85,98,100,100,97,0,90,4.364,3.608,18,46,7.5,1.099,15,4.03,732,12.24,123,0,0,0,0,0,0,2.904,25.025,23.304,255,1.078,1.078,0.999,88.303
12.703,2061,84.3,1.6,1.1,30,85,98,100,100,97,0,90,5.12,4.364,18,46,8.8,1.099,15,4.03,732,12.24,123,0,0,0,0,0,0,3.508,27.89,26.18,255,1.078,1.078,0.999,88.303
12.75,2048,70.5,1.6,1.098,30,85,98,100,100,97,0,90,4.42,3.656,18,46,7.5,1.099,15,4.03,732,12.12,123,0,0,0,0,0,0,2.92,26.112,24.395,255,1.076,1.076,1.001,88.133
12.797,2043,70.5,1.6,1.1,30,85,98,100,100,97,0,90,4.412,3.656,18,46,7.5,1.099,15,4.03,732,12.24,123,0,0,0,0,0,0,2.913,25.815,24.098,255,1.078,1.078,0.999,88.303
12.844,2053,57.8,1.6,1.1,30,85,98,100,100,97,0,90,3.736,2.98,18,46,6.4,1.099,15,4.03,732,12.24,123,0,0,0,0,0,0,2.386,24.827,23.106,255,1.078,1.078,0.999,88.303
12.891,2081,70.3,1.6,1.1,30,85,98,100,100,97,0,90,4.38,3.624,18,46,7.6,1.099,15,4.03,732,12.24,123,0,0,0,0,0,0,2.941,24.629,22.908,255,1.078,1.078,0.999,88.303
12.937,2026,84.5,1.6,1.098,30,85,98,100,100,97,0,90,5.144,4.38,18,46,8.7,1.099,15,4.03,732,12.12,123,0,0,0,0,0,0,3.461,25.815,24.098,255,1.076,1.076,1.001,88.133
12.984,2054,70.3,1.6,1.098,30,85,98,100,100,97,0,90,4.38,3.624,18,46,7.5,1.099,15,4.03,732,12.24,123,0,0,0,0,0,0,2.903,25.618,23.899,255,1.076,1.076,1.001,88.133
13.031,2032,71,1.6,1.1,30,85,98,100,100,97,0,90,4.448,3.692,18,46,7.5,1.099,15,4.03,732,12.24,123,0,0,0,0,0,0,2.926,24.926,23.205,255,1.078,1.078,0.999,88.303
13.078,2041,57.5,1.6,1.1,30,85,98,100,100,97,0,90,3.736,2.98,18,46,6.4,1.099,15,4.03,732,12.24,123,0,0,0,0,0,0,2.372,26.112,24.395,255,1.078,1.078,0.999,88.303
13.125,2053,69.5,1.6,1.1,30,85,98,100,100,97,0,90,4.364,3.608,18,46,7.5,1.099,15,4.03,732,12.24,123,0,0,0,0,0,0,2.889,25.025,23.304,255,1.078,1.078,0.999,88.303
13.172,2044,84.3,1.6,1.1,30,85,98,100,100,97,0,90,5.12,4.364,18,46,8.7,1.099,15,4.03,732,12.24,123,0,0,0,0,0,0,3.479,27.594,25.883,255,1.078,1.078,0.999,88.303
13.219,2048,71.5,1.6,1.1,30,85,98,100,100,97,0,90,4.472,3.708,18,46,7.6,1.099,15,4.03,732,12.12,123,0,0,0,0,0,0,2.962,26.408,24.693,255,1.078,1.078,0.999,88.303
13.266,2049,57.3,1.6,1.116,30,85,98,100,100,97,0,90,3.712,2.948,18,46,6.3,1.099,15,4.03,732,12.12,123,0,0,0,0,0,0,2.356,24.432,22.709,255,1.094,1.094,0.984,89.594
13.312,2036,57.5,1.6,1.1,30,85,98,100,100,97,0,90,3.736,2.98,18,46,6.3,1.099,15,4.03,732,12.24,123,0,0,0,0,0,0,2.366,24.827,23.106,255,1.078,1.078,0.999,88.303
13.359,2037,69.8,1.6,1.1,30,85,98,100,100,97,0,90,4.364,3.608,18,46,7.4,1.099,15,4.03,732,12.24,123,0,0,0,0,0,0,2.866,24.333,22.61,255,1.078,1.078,0.999,88.303
13.406,2043,85,1.6,1.1,30,85,98,100,100,97,0,90,5.172,4.416,18,46,8.8,1.099,15,4.03,732,12.24,123,0,0,0,0,0,0,3.519,27.199,25.486,255,1.078,1.078,0.999,88.303
13.453,2022,71.8,1.6,1.116,30,85,98,100,100,97,0,90,4.476,3.72,18,46,7.5,1.099,15,4.03,732,12.24,123,0,0,0,0,0,0,2.934,24.827,23.106,255,1.094,1.094,0.984,89.594
13.5,2028,58.3,1.6,1.116,30,85,98,100,100,97,0,90,3.784,3.028,18,46,6.4,1.099,15,4.03,732,12.24,123,0,0,0,0,0,0,2.395,25.519,23.8,255,1.094,1.094,0.984,89.594
13.547,2036,57.5,1.6,1.1,30,85,98,100,100,97,0,90,3.748,2.992,18,46,6.4,1.099,15,4.03,732,12.24,123,0,0,0,0,0,0,2.376,24.728,23.007,255,1.078,1.078,0.999,88.303
13.609,2026,70.5,1.6,1.1,30,85,98,100,100,97,0,90,4.428,3.672,18,46,7.5,1.099,15,4.03,732,12.24,123,0,0,0,0,0,0,2.901,23.839,22.114,255,1.078,1.078,0.999,88.303
13.656,2033,85,1.6,1.1,30,85,98,100,100,97,0,90,5.188,4.432,18,46,8.8,1.099,15,4.03,732,12.24,123,0,0,0,0,0,0,3.514,26.704,24.99,255,1.078,1.078,0.999,88.303
13.703,2030,70.8,1.6,1.1,30,85,98,100,100,97,0,90,4.436,3.672,18,46,7.5,1.099,15,4.03,732,12.12,123,0,0,0,0,0,0,2.907,25.519,23.8,255,1.078,1.078,0.999,88.303
13.75,2034,58,1.6,1.1,30,85,98,100,100,97,0,90,3.784,3.028,18,46,6.4,1.099,15,4.03,732,12.24,123,0,0,0,0,0,0,2.402,25.025,23.304,255,1.078,1.078,0.999,88.303
13.797,2044,70.3,1.6,1.1,30,85,98,100,100,97,0,90,4.404,3.64,18,46,7.5,1.099,15,4.03,732,12.12,123,0,0,0,0,0,0,2.902,24.728,23.007,255,1.078,1.078,0.999,88.303
13.844,2039,71,1.6,1.1,30,85,98,100,100,97,0,90,4.464,3.708,18,46,7.6,1.099,15,4.03,732,12.24,123,0,0,0,0,0,0,2.949,25.618,23.899,255,1.078,1.078,0.999,88.303
13.891,2044,85,1.6,1.1,30,85,98,100,100,97,0,90,5.188,4.432,18,46,8.8,1.099,15,4.03,732,12.24,123,0,0,0,0,0,0,3.533,27.001,25.288,255,1.078,1.078,0.999,88.303
13.937,2031,71,1.6,1.1,30,85,98,100,100,97,0,90,4.464,3.708,18,47,7.6,1.099,15,4.03,733,12.24,123,0,0,0,0,0,0,2.937,25.519,23.8,255,1.078,1.078,0.999,88.303
13.984,2031,58,1.6,1.098,30,85,98,100,100,97,0,90,3.784,3.028,18,47,6.4,1.099,15,4.03,732,12.24,123,0,0,0,0,0,0,2.398,25.42,23.701,255,1.076,1.076,1.001,88.133
14.031,2058,70.5,1.6,1.1,30,85,98,100,100,97,0,90,4.428,3.672,18,47,7.6,1.099,15,4.03,733,12.24,123,0,0,0,0,0,0,2.947,23.938,22.214,255,1.078,1.078,0.999,88.303
14.078,2050,71,1.6,1.1,30,85,98,100,100,97,0,90,4.464,3.708,18,46,7.6,1.099,15,4.03,732,12.24,123,0,0,0,0,0,0,2.965,25.025,23.304,255,1.078,1.078,0.999,88.303
14.125,2039,84.5,1.6,1.1,30,85,98,100,100,97,0,90,5.152,4.396,18,46,8.8,1.099,15,4.03,733,12.24,123,0,0,0,0,0,0,3.496,27.495,25.784,255,1.078,1.078,0.999,88.303
14.172,2032,70.8,1.6,1.1,30,85,98,100,100,97,0,90,4.428,3.672,18,47,7.5,1.099,15,4.03,733,12.24,123,0,0,0,0,0,0,2.91,24.135,22.412,255,1.078,1.078,0.999,88.303
14.219,2023,57.5,1.6,1.116,30,85,99,100,100,97,0,90,3.76,3.004,18,47,6.3,1.099,15,4.03,733,12.24,123,0,0,0,0,0,0,2.37,24.827,23.106,255,1.105,1.105,0.984,90.508
14.266,2025,69.8,1.6,1.1,30,85,99,100,100,97,0,90,4.4,3.636,18,47,7.4,1.099,15,4.03,733,12.12,123,0,0,0,0,0,0,2.872,23.938,22.214,255,1.089,1.089,0.999,89.204
14.312,2016,84.5,1.6,1.116,30,85,99,100,100,97,0,90,5.18,4.416,18,47,8.7,1.099,15,4.03,733,12.12,123,0,0,0,0,0,0,3.472,26.803,25.089,255,1.105,1.105,0.984,90.508
14.359,2041,84.5,1.6,1.116,30,85,99,100,100,97,0,90,5.172,4.416,18,46,8.8,1.099,15,4.03,733,12.24,123,0,0,0,0,0,0,3.515,26.408,24.693,255,1.105,1.105,0.984,90.508
14.406,2005,71,1.6,1.116,30,85,99,100,100,97,0,90,4.476,3.72,18,46,7.5,1.099,15,4.03,733,12.24,123,0,0,0,0,0,0,2.909,24.531,22.809,255,1.105,1.105,0.984,90.508
14.453,2022,57.8,1.6,1.116,30,85,99,100,100,97,0,90,3.772,3.016,18,47,6.4,1.099,15,4.03,733,12.24,123,0,0,0,0,0,0,2.378,25.42,23.701,255,1.105,1.105,0.984,90.508
14.5,2014,69.8,1.6,1.1,30,85,99,100,100,97,0,90,4.408,3.652,18,47,7.4,1.099,15,4.03,733,12.24,123,0,0,0,0,0,0,2.868,24.333,22.61,255,1.089,1.089,0.999,89.204
14.547,2019,85,1.6,1.1,30,85,99,100,100,97,0,90,5.232,4.468,18,47,8.8,1.099,15,4.03,733,12.12,123,0,0,0,0,0,0,3.518,26.21,24.494,255,1.089,1.089,0.999,89.204
14.609,2005,71.3,1.6,1.116,30,85,100,100,100,97,0,90,4.508,3.752,18,47,7.5,1.099,15,4.03,733,12.24,123,0,0,0,0,0,0,2.934,26.112,24.395,255,1.116,1.116,0.984,91.422
14.656,2009,71.5,1.6,1.1,30,85,100,100,100,97,0,90,4.532,3.768,18,46,7.6,1.099,15,4.03,733,12.12,123,0,0,0,0,0,0,2.952,25.123,23.404,255,1.1,1.1,0.999,90.105
14.703,2034,57.5,1.6,1.1,30,85,100,100,100,97,0,90,3.784,3.028,18,46,6.4,1.099,15,4.03,733,12.24,123,0,0,0,0,0,0,2.402,24.432,22.709,255,1.1,1.1,0.999,90.105
14.75,2034,70.8,1.6,1.1,30,85,100,100,100,97,0,90,4.472,3.716,18,46,7.6,1.099,15,4.03,733,12.24,123,0,0,0,0,0,0,2.948,24.037,22.313,255,1.1,1.1,0.999,90.105
14.797,2029,85,1.6,1.1,30,85,100,100,100,97,0,90,5.244,4.488,18,46,8.9,1.099,15,4.03,733,12.24,123,0,0,0,0,0,0,3.551,26.21,24.494,255,1.1,1.1,0.999,90.105
14.844,2016,71.3,1.6,1.1,30,85,100,100,100,97,0,90,4.516,3.752,18,46,7.6,1.099,15,4.03,733,12.12,123,0,0,0,0,0,0,2.95,25.321,23.602,255,1.1,1.1,0.999,90.105
14.891,2031,57.8,1.6,1.1,30,85,100,100,100,97,0,90,3.784,3.028,18,46,6.4,1.099,15,4.03,733,12.24,123,0,0,0,0,0,0,2.398,24.926,23.205,255,1.1,1.1,0.999,90.105
14.937,2022,57.3,1.6,1.098,30,85,100,100,100,97,0,90,3.76,2.996,18,46,6.3,1.099,15,4.03,733,12.12,123,0,0,0,0,0,0,2.363,24.827,23.106,255,1.098,1.098,1.001,89.931
14.984,2027,70.5,1.6,1.098,30,85,100,100,100,97,0,90,4.472,3.716,18,47,7.6,1.099,15,4.03,733,12.24,123,0,0,0,0,0,0,2.938,24.037,22.313,255,1.098,1.098,1.001,89.931
15.031,2049,85,1.6,1.094,30,85,100,100,100,97,0,90,5.252,4.488,18,47,9,1.099,15,4.03,733,12.12,123,0,0,0,0,0,0,3.586,26.803,25.089,255,1.094,1.094,1.005,89.583
15.078,2022,71.3,1.6,1.089,30,85,100,100,100,97,0,90,4.508,3.752,18,46,7.6,1.099,15,4.03,733,12.24,123,0,0,0,0,0,0,2.959,25.42,23.701,255,1.089,1.089,1.009,89.234
15.125,2053,57.3,1.6,1.098,30,85,100,100,100,97,0,90,3.752,2.996,18,46,6.4,1.099,15,4.03,733,12.24,123,0,0,0,0,0,0,2.399,25.914,24.197,255,1.098,1.098,1.001,89.931
15.172,2058,57.8,1.6,1.094,30,85,100,100,100,97,0,90,3.784,3.028,18,46,6.5,1.099,15,4.03,733,12.24,123,0,0,0,0,0,0,2.43,25.519,23.8,255,1.094,1.094,1.005,89.583
15.219,2043,70.5,1.6,1.089,30,85,100,100,100,97,0,90,4.48,3.716,18,46,7.6,1.099,15,4.03,733,12.12,123,0,0,0,0,0,0,2.961,25.123,23.404,255,1.089,1.089,1.009,89.234
15.266,2048,84.8,1.6,1.083,30,85,100,100,100,97,0,90,5.208,4.452,18,46,8.9,1.099,15,4.03,733,12.24,123,0,0,0,0,0,0,3.556,27.693,25.982,255,1.083,1.083,1.015,88.711
15.312,2040,71.3,1.6,1.087,30,85,100,100,100,97,0,90,4.516,3.752,18,46,7.7,1.099,15,4.03,733,12.12,123,0,0,0,0,0,0,2.985,25.222,23.503,255,1.087,1.087,1.011,89.06
15.359,2058,57,1.6,1.087,30,85,100,100,100,97,0,90,3.76,2.996,18,46,6.4,1.099,15,4.03,733,12.12,123,0,0,0,0,0,0,2.405,25.914,24.197,255,1.087,1.087,1.011,89.06
15.406,2051,57.3,1.6,1.087,30,85,100,100,100,97,0,90,3.752,2.996,18,46,6.4,1.099,15,4.03,733,12.24,123,0,0,0,0,0,0,2.396,25.025,23.304,255,1.087,1.087,1.011,89.06
15.453,2053,69.8,1.6,1.087,30,85,100,100,100,97,0,90,4.424,3.668,18,46,7.6,1.099,15,4.03,733,12.24,123,0,0,0,0,0,0,2.937,24.827,23.106,255,1.087,1.087,1.011,89.06
15.5,2051,84.3,1.6,1.089,30,85,100,100,100,97,0,90,5.192,4.436,18,46,8.9,1.099,15,4.03,733,12.24,123,0,0,0,0,0,0,3.548,27.1,25.387,255,1.089,1.089,1.009,89.234
15.547,2043,71,1.6,1.094,30,85,100,100,100,97,0,90,4.516,3.752,18,46,7.7,1.099,15,4.03,733,12.12,123,0,0,0,0,0,0,2.989,25.025,23.304,255,1.094,1.094,1.005,89.583
15.594,2041,57.5,1.6,1.083,30,85,99,100,100,97,0,90,3.772,3.016,18,46,6.4,1.099,15,4.03,733,12.24,123,0,0,0,0,0,0,2.401,25.519,23.8,255,1.072,1.072,1.015,87.824
15.641,2046,57.8,1.6,1.083,30,85,99,100,100,97,0,90,3.78,3.016,18,46,6.4,1.099,15,4.03,733,12.12,123,0,0,0,0,0,0,2.407,25.914,24.197,255,1.072,1.072,1.015,87.824
15.687,2061,71.5,1.6,1.087,30,85,99,100,100,97,0,90,4.508,3.752,18,46,7.7,1.099,15,4.03,733,12.24,123,0,0,0,0,0,0,3.016,26.507,24.792,255,1.076,1.076,1.011,88.169
15.734,2055,84.3,1.6,1.087,30,85,99,100,100,97,0,90,5.18,4.416,18,46,8.9,1.099,15,4.03,733,12.12,123,0,0,0,0,0,0,3.539,27.495,25.784,255,1.076,1.076,1.011,88.169
15.781,2035,71.3,1.6,1.083,30,85,99,100,100,97,0,90,4.492,3.736,18,46,7.6,1.099,15,4.03,733,12.24,123,0,0,0,0,0,0,2.965,25.815,24.098,255,1.072,1.072,1.015,87.824
15.828,2048,57.5,1.6,1.083,30,85,99,100,100,97,0,90,3.768,3.004,18,46,6.4,1.099,15,4.03,733,12.12,123,0,0,0,0,0,0,2.399,24.531,22.809,255,1.072,1.072,1.015,87.824
15.875,2037,58,1.6,1.089,30,85,99,100,100,97,0,90,3.796,3.04,18,46,6.4,1.099,15,4.03,733,12.24,123,0,0,0,0,0,0,2.415,24.531,22.809,255,1.078,1.078,1.009,88.342
15.922,2054,71.5,1.6,1.098,30,85,99,100,100,97,0,90,4.492,3.736,18,46,7.7,1.099,15,4.03,733,12.24,123,0,0,0,0,0,0,2.993,24.531,22.809,255,1.087,1.087,1.001,89.032
15.969,2053,84.8,1.6,1.1,30,85,99,100,100,97,0,90,5.172,4.416,18,46,8.8,1.099,15,4.03,733,12.24,123,0,0,0,0,0,0,3.536,27.396,25.684,255,1.089,1.089,0.999,89.204
16.016,2033,70.5,1.6,1.098,30,85,99,100,100,97,0,90,4.448,3.684,18,46,7.5,1.099,15,4.03,733,12.12,123,0,0,0,0,0,0,2.921,24.432,22.709,255,1.087,1.087,1.001,89.032
16.062,2052,57.5,1.6,1.098,30,85,99,100,100,97,0,90,3.76,3.004,18,46,6.4,1.099,15,4.03,733,12.24,123,0,0,0,0,0,0,2.404,25.123,23.404,255,1.087,1.087,1.001,89.032
16.109,2036,57.8,1.6,1.098,30,85,99,100,100,97,0,90,3.76,3.004,18,46,6.4,1.099,15,4.03,733,12.24,123,0,0,0,0,0,0,2.385,24.531,22.809,255,1.087,1.087,1.001,89.032
16.156,2046,69.8,1.6,1.094,30,85,99,100,100,97,0,90,4.392,3.636,18,47,7.5,1.099,15,4.03,733,12.24,123,0,0,0,0,0,0,2.901,23.839,22.114,255,1.083,1.083,1.005,88.687
16.203,2029,85,1.6,1.094,30,85,99,100,100,97,0,90,5.208,4.452,18,47,8.8,1.099,15,4.03,733,12.24,123,0,0,0,0,0,0,3.523,27.001,25.288,255,1.083,1.083,1.005,88.687
16.25,2019,71.3,1.6,1.094,30,85,99,100,100,97,0,90,4.476,3.72,18,47,7.5,1.099,15,4.03,734,12.24,123,0,0,0,0,0,0,2.929,25.222,23.503,255,1.083,1.083,1.005,88.687
16.297,2034,58,1.6,1.098,30,85,99,100,100,97,0,90,3.796,3.04,18,47,6.4,1.099,15,4.03,733,12.24,123,0,0,0,0,0,0,2.412,25.123,23.404,255,1.087,1.087,1.001,89.032
16.344,2043,69,1.6,1.098,30,85,99,100,100,97,0,90,4.356,3.6,18,47,7.4,1.099,15,4.03,733,12.24,123,0,0,0,0,0,0,2.868,24.037,22.313,255,1.087,1.087,1.001,89.032
16.391,2035,71.5,1.6,1.089,30,85,99,100,100,97,0,90,4.492,3.736,18,46,7.6,1.099,15,4.03,733,12.24,123,0,0,0,0,0,0,2.965,25.618,23.899,255,1.078,1.078,1.009,88.342
16.437,2033,85.5,1.6,1.087,30,85,99,100,100,97,0,90,5.224,4.468,18,46,8.9,1.099,15,4.03,734,12.24,123,0,0,0,0,0,0,3.543,27.297,25.585,255,1.076,1.076,1.011,88.169
16.484,2021,71.3,1.6,1.098,30,85,99,100,100,97,0,90,4.476,3.72,18,46,7.5,1.099,15,4.03,734,12.24,123,0,0,0,0,0,0,2.932,25.618,23.899,255,1.087,1.087,1.001,89.032
16.531,2049,57,1.6,1.098,30,85,99,100,100,97,0,90,3.728,2.972,18,46,6.4,1.099,15,4.03,734,12.24,123,0,0,0,0,0,0,2.375,25.716,23.999,255,1.087,1.087,1.001,89.032
16.578,2054,71,1.6,1.089,30,85,99,100,100,97,0,90,4.476,3.72,18,47,7.7,1.099,15,4.03,734,12.24,123,0,0,0,0,0,0,2.98,24.234,22.511,255,1.078,1.078,1.009,88.342
16.641,2051,70.5,1.6,1.094,30,85,99,100,100,97,0,90,4.448,3.684,18,47,7.6,1.099,15,4.03,734,12.12,123,0,0,0,0,0,0,2.947,24.728,23.007,255,1.083,1.083,1.005,88.687
16.687,2041,85,1.6,1.094,30,85,99,100,100,97,0,90,5.208,4.452,18,46,8.9,1.099,15,4.03,734,12.24,123,0,0,0,0,0,0,3.544,27.297,25.585,255,1.083,1.083,1.005,88.687
16.734,2041,71.5,1.6,1.094,30,85,99,100,100,97,0,90,4.492,3.736,18,46,7.6,1.099,15,4.03,734,12.24,123,0,0,0,0,0,0,2.974,25.123,23.404,255,1.083,1.083,1.005,88.687
16.781,2048,58,1.6,1.098,30,85,99,100,100,97,0,90,3.796,3.04,18,46,6.5,1.099,15,4.03,734,12.24,123,0,0,0,0,0,0,2.428,25.618,23.899,255,1.087,1.087,1.001,89.032
16.828,2044,69.8,1.6,1.098,30,85,99,100,100,97,0,90,4.4,3.636,18,46,7.5,1.099,15,4.03,734,12.12,123,0,0,0,0,0,0,2.898,24.135,22.412,255,1.087,1.087,1.001,89.032
16.875,2038,70.8,1.6,1.089,30,85,99,100,100,97,0,90,4.44,3.684,18,46,7.5,1.099,15,4.03,734,12.24,123,0,0,0,0,0,0,2.928,26.704,24.99,255,1.078,1.078,1.009,88.342
16.922,2053,84.8,1.6,1.098,30,85,99,100,100,97,0,90,5.172,4.416,18,46,8.8,1.099,15,4.03,734,12.24,123,0,0,0,0,0,0,3.536,26.803,25.089,255,1.087,1.087,1.001,89.032
16.969,2033,70.5,1.6,1.098,30,85,99,100,100,97,0,90,4.44,3.684,18,47,7.5,1.099,15,4.03,734,12.24,123,0,0,0,0,0,0,2.921,24.926,23.205,255,1.087,1.087,1.001,89.032
17.016,2044,58.3,1.6,1.1,30,85,99,100,100,97,0,90,3.804,3.04,18,47,6.5,1.099,15,4.03,734,12.12,123,0,0,0,0,0,0,2.423,25.222,23.503,255,1.089,1.089,0.999,89.204
17.062,2059,71,1.6,1.098,30,85,99,100,100,97,0,90,4.476,3.72,18,47,7.7,1.099,15,4.03,734,12.24,123,0,0,0,0,0,0,2.987,23.938,22.214,255,1.087,1.087,1.001,89.032
17.109,2064,70.5,1.6,1.098,30,85,99,100,100,97,0,90,4.448,3.684,18,46,7.6,1.099,15,4.03,734,12.12,123,0,0,0,0,0,0,2.965,25.321,23.602,255,1.087,1.087,1.001,89.032
17.156,2023,84.5,1.6,1.1,30,85,99,100,100,97,0,90,5.172,4.416,18,46,8.7,1.099,15,4.03,734,12.24,123,0,0,0,0,0,0,3.484,27.199,25.486,255,1.089,1.089,0.999,89.204
17.203,2037,70.8,1.6,1.1,30,85,99,100,100,97,0,90,4.448,3.684,18,47,7.5,1.099,15,4.03,734,12.12,123,0,0,0,0,0,0,2.927,25.025,23.304,255,1.089,1.089,0.999,89.204
17.25,2031,58.3,1.6,1.098,30,85,99,100,100,97,0,90,3.796,3.04,18,47,6.4,1.099,15,4.03,734,12.24,123,0,0,0,0,0,0,2.408,26.013,24.296,255,1.087,1.087,1.001,89.032
17.297,2030,70.8,1.6,1.098,30,85,99,100,100,97,0,90,4.455,3.684,18,46,7.5,1.099,15,4.03,734,12,123,0,0,0,0,0,0,2.917,24.135,22.412,255,1.087,1.087,1.001,89.032
17.344,2025,84.8,1.6,1.1,30,85,99,100,100,97,0,90,5.172,4.416,18,46,8.7,1.099,15,4.03,734,12.24,123,0,0,0,0,0,0,3.488,24.926,23.205,255,1.089,1.089,0.999,89.204
17.391,2033,85,1.6,1.098,30,85,99,100,100,97,0,90,5.216,4.452,18,47,8.8,1.099,15,4.03,734,12.12,123,0,0,0,0,0,0,3.53,26.309,24.594,255,1.087,1.087,1.001,89.032
17.437,2034,71,1.6,1.1,30,85,99,100,100,97,0,90,4.476,3.72,18,47,7.6,1.099,15,4.03,734,12.24,123,0,0,0,0,0,0,2.951,24.827,23.106,255,1.089,1.089,0.999,89.204
17.484,2033,58.3,1.6,1.1,30,85,99,100,100,97,0,90,3.804,3.04,18,46,6.4,1.099,15,4.03,734,12.12,123,0,0,0,0,0,0,2.41,25.618,23.899,255,1.089,1.089,0.999,89.204
17.531,2052,71.3,1.6,1.1,30,85,99,100,100,97,0,90,4.476,3.72,18,46,7.7,1.099,15,4.03,734,12.24,123,0,0,0,0,0,0,2.977,23.839,22.114,255,1.089,1.089,0.999,89.204
17.578,2039,84.8,1.6,1.1,30,85,99,100,100,97,0,90,5.18,4.416,18,47,8.8,1.099,15,4.03,734,12.12,123,0,0,0,0,0,0,3.512,26.309,24.594,255,1.089,1.089,0.999,89.204
17.625,2040,85,1.6,1.1,30,85,99,100,100,97,0,90,5.208,4.452,18,47,8.9,1.099,15,4.03,734,12.24,123,0,0,0,0,0,0,3.542,26.408,24.693,255,1.089,1.089,0.999,89.204
17.672,2034,71.3,1.6,1.1,30,85,99,100,100,97,0,90,4.476,3.72,18,46,7.6,1.099,15,4.03,734,12.24,123,0,0,0,0,0,0,2.951,24.728,23.007,255,1.089,1.089,0.999,89.204
17.719,2036,58.3,1.6,1.1,30,85,99,100,100,97,0,90,3.796,3.04,18,46,6.4,1.099,15,4.03,734,12.24,123,0,0,0,0,0,0,2.414,25.025,23.304,255,1.089,1.089,0.999,89.204
17.766,2059,70.8,1.6,1.098,30,85,99,100,100,97,0,90,4.448,3.684,18,46,7.6,1.099,15,4.03,734,12.12,123,0,0,0,0,0,0,2.958,24.234,22.511,255,1.087,1.087,1.001,89.032
17.812,2040,84.8,1.6,1.098,30,85,99,100,100,97,0,90,5.172,4.416,18,46,8.8,1.099,15,4.03,734,12.24,123,0,0,0,0,0,0,3.513,26.013,24.296,255,1.087,1.087,1.001,89.032
17.859,2045,71.3,1.6,1.098,30,85,99,100,100,97,0,90,5.18,4.416,18,46,8.8,1.099,15,4.03,734,12.12,123,0,0,0,0,0,0,3.522,26.803,25.089,255,1.087,1.087,1.001,89.032
17.906,2044,70.8,1.6,1.098,30,85,99,100,100,97,0,90,4.44,3.684,18,46,7.6,1.099,15,4.03,734,12.24,123,0,0,0,0,0,0,2.937,24.926,23.205,255,1.087,1.087,1.001,89.032
17.953,2047,58,1.6,1.1,30,85,99,100,100,97,0,90,3.796,3.04,18,46,6.5,1.099,15,4.03,734,12.24,123,0,0,0,0,0,0,2.427,25.815,24.098,255,1.089,1.089,0.999,89.204
18,2056,71,1.6,1.116,30,85,99,100,100,97,0,90,4.476,3.72,18,46,7.7,1.099,15,4.03,735,12.24,123,0,0,0,0,0,0,2.983,24.135,22.412,255,1.105,1.105,0.984,90.508
18.047,2036,85.3,1.6,1.1,30,85,99,100,100,97,0,90,5.216,4.452,18,46,8.8,1.099,15,4.03,734,12.12,123,0,0,0,0,0,0,3.535,27.495,25.784,255,1.089,1.089,0.999,89.204
18.094,2043,71.3,1.6,1.1,30,85,99,100,100,97,0,90,4.484,3.72,18,46,7.6,1.099,15,4.03,734,12.12,123,0,0,0,0,0,0,2.964,26.21,24.494,255,1.089,1.089,0.999,89.204
18.141,2036,71.5,1.6,1.098,30,85,99,100,100,97,0,90,4.492,3.736,18,46,7.6,1.099,15,4.03,734,12.24,123,0,0,0,0,0,0,2.967,24.629,22.908,255,1.087,1.087,1.001,89.032
18.187,2039,58,1.6,1.098,30,85,99,100,100,97,0,90,3.796,3.04,18,47,6.5,1.099,15,4.03,734,12.24,123,0,0,0,0,0,0,2.417,25.914,24.197,255,1.087,1.087,1.001,89.032
18.234,2054,71.5,1.6,1.1,30,85,99,100,100,97,0,90,4.492,3.736,18,47,7.7,1.099,15,4.03,734,12.24,123,0,0,0,0,0,0,2.993,24.432,22.709,255,1.089,1.089,0.999,89.204
18.281,2048,84.8,1.6,1.1,30,85,99,100,100,97,0,90,5.172,4.416,18,46,8.8,1.099,15,4.03,735,12.24,123,0,0,0,0,0,0,3.527,27.001,25.288,255,1.089,1.089,0.999,89.204
18.328,2051,71.3,1.6,1.098,30,85,99,100,100,97,0,90,4.476,3.72,18,46,7.7,1.099,15,4.03,734,12.24,123,0,0,0,0,0,0,2.976,26.704,24.99,255,1.087,1.087,1.001,89.032
18.375,2039,71.3,1.6,1.098,30,85,99,100,100,97,0,90,4.484,3.72,18,46,7.6,1.099,15,4.03,735,12.12,123,0,0,0,0,0,0,2.958,24.629,22.908,255,1.087,1.087,1.001,89.032
18.422,2068,57.5,1.6,1.098,30,85,99,100,100,97,0,90,3.76,3.004,18,46,6.5,1.099,15,4.03,734,12.24,123,0,0,0,0,0,0,2.423,26.112,24.395,255,1.087,1.087,1.001,89.032
18.469,2054,69.8,1.6,1.089,30,85,99,100,100,97,0,90,4.392,3.636,18,46,7.5,1.099,15,4.03,735,12.24,123,0,0,0,0,0,0,2.913,24.037,22.313,255,1.078,1.078,1.009,88.342
18.516,2062,84.5,1.6,1.089,30,85,99,100,100,97,0,90,5.172,4.416,18,46,8.9,1.099,15,4.03,735,12.24,123,0,0,0,0,0,0,3.551,26.309,24.594,255,1.078,1.078,1.009,88.342
18.562,2046,71,1.6,1.098,30,85,99,100,100,97,0,90,4.484,3.72,18,46,7.6,1.099,15,4.03,735,12.12,123,0,0,0,0,0,0,2.968,25.519,23.8,255,1.087,1.087,1.001,89.032
18.609,2041,71.5,1.6,1.098,30,85,99,100,100,97,0,90,4.492,3.736,18,46,7.6,1.099,15,4.03,735,12.24,123,0,0,0,0,0,0,2.974,25.222,23.503,255,1.087,1.087,1.001,89.032
18.672,2054,57.8,1.6,1.098,30,85,99,100,100,97,0,90,3.76,3.004,18,46,6.4,1.099,15,4.03,735,12.24,123,0,0,0,0,0,0,2.406,25.618,23.899,255,1.087,1.087,1.001,89.032
18.719,2059,70.8,1.6,1.094,30,85,99,100,100,97,0,90,4.44,3.684,18,46,7.6,1.099,15,4.03,735,12.24,123,0,0,0,0,0,0,2.958,23.938,22.214,255,1.083,1.083,1.005,88.687
18.766,2045,84.3,1.6,1.094,30,85,99,100,100,97,0,90,5.164,4.4,18,46,8.8,1.099,15,4.03,735,12.12,123,0,0,0,0,0,0,3.509,27.199,25.486,255,1.083,1.083,1.005,88.687
18.812,2052,84,1.6,1.098,30,85,99,100,100,97,0,90,5.156,4.4,18,46,8.8,1.099,15,4.03,735,12.24,123,0,0,0,0,0,0,3.521,26.21,24.494,255,1.087,1.087,1.001,89.032
18.859,2050,71,1.6,1.098,30,85,99,100,100,97,0,90,4.476,3.72,18,46,7.6,1.099,15,4.03,735,12.24,123,0,0,0,0,0,0,2.974,24.827,23.106,255,1.087,1.087,1.001,89.032
